{"uid":"b1a8273437954620fa374b796ffaacdd","name":"behaviors","children":[{"name":"测试 1 + 1","uid":"e5113ace4d829ee4","parentUid":"b1a8273437954620fa374b796ffaacdd","status":"passed","time":{"start":1745482143810,"stop":1745482143811,"duration":1},"flaky":false,"newFailed":false,"newPassed":false,"newBroken":false,"retriesCount":13,"retriesStatusChange":false,"parameters":[],"tags":[]},{"name":"test_drp_order_flow","uid":"ea308fa2aa2f9552","parentUid":"b1a8273437954620fa374b796ffaacdd","status":"passed","time":{"start":1745482145281,"stop":1745482147126,"duration":1845},"flaky":false,"newFailed":false,"newPassed":false,"newBroken":false,"retriesCount":15,"retriesStatusChange":false,"parameters":[],"tags":[]},{"name":"test_drp_order_flow","uid":"76a3caa5006a3473","parentUid":"b1a8273437954620fa374b796ffaacdd","status":"passed","time":{"start":1745482148073,"stop":1745482149271,"duration":1198},"flaky":false,"newFailed":false,"newPassed":false,"newBroken":false,"retriesCount":15,"retriesStatusChange":false,"parameters":[],"tags":[]},{"name":"test_get_sum_brand_stock","uid":"af8ae3e7f365a2ef","parentUid":"b1a8273437954620fa374b796ffaacdd","status":"passed","time":{"start":1745482149273,"stop":1745482150160,"duration":887},"flaky":false,"newFailed":false,"newPassed":false,"newBroken":false,"retriesCount":15,"retriesStatusChange":false,"parameters":[],"tags":[]}]}