{"uid":"b1a8273437954620fa374b796ffaacdd","name":"behaviors","children":[{"name":"测试 1 + 1","uid":"90aa9edb1457b90c","parentUid":"b1a8273437954620fa374b796ffaacdd","status":"passed","time":{"start":1745482607547,"stop":1745482607548,"duration":1},"flaky":false,"newFailed":false,"newPassed":false,"newBroken":false,"retriesCount":16,"retriesStatusChange":false,"parameters":[],"tags":[]},{"name":"test_drp_order_flow","uid":"f4901b725bfbf2da","parentUid":"b1a8273437954620fa374b796ffaacdd","status":"passed","time":{"start":1745482609036,"stop":1745482610495,"duration":1459},"flaky":false,"newFailed":false,"newPassed":false,"newBroken":false,"retriesCount":18,"retriesStatusChange":false,"parameters":[],"tags":[]},{"name":"test_drp_order_flow","uid":"3b14e13a40690fe3","parentUid":"b1a8273437954620fa374b796ffaacdd","status":"passed","time":{"start":1745482611214,"stop":1745482612346,"duration":1132},"flaky":false,"newFailed":false,"newPassed":false,"newBroken":false,"retriesCount":18,"retriesStatusChange":false,"parameters":[],"tags":[]},{"name":"test_get_sum_brand_stock","uid":"f1d5b5db523d3388","parentUid":"b1a8273437954620fa374b796ffaacdd","status":"passed","time":{"start":1745482612349,"stop":1745482613234,"duration":885},"flaky":false,"newFailed":false,"newPassed":false,"newBroken":false,"retriesCount":18,"retriesStatusChange":false,"parameters":[],"tags":[]}]}