{"uid":"b1a8273437954620fa374b796ffaacdd","name":"behaviors","children":[{"name":"测试 1 + 1","uid":"6c9971338cf513ac","parentUid":"b1a8273437954620fa374b796ffaacdd","status":"passed","time":{"start":1745462658033,"stop":1745462658033,"duration":0},"flaky":false,"newFailed":false,"newPassed":false,"newBroken":false,"retriesCount":11,"retriesStatusChange":false,"parameters":[],"tags":[]},{"name":"test_drp_order_flow","uid":"d27ba9ec1e14439f","parentUid":"b1a8273437954620fa374b796ffaacdd","status":"passed","time":{"start":1745462660488,"stop":1745462662219,"duration":1731},"flaky":false,"newFailed":false,"newPassed":false,"newBroken":false,"retriesCount":13,"retriesStatusChange":false,"parameters":[],"tags":[]},{"name":"test_drp_order_flow","uid":"c5fd8821268e4cf4","parentUid":"b1a8273437954620fa374b796ffaacdd","status":"passed","time":{"start":1745462662960,"stop":1745462664179,"duration":1219},"flaky":false,"newFailed":false,"newPassed":false,"newBroken":false,"retriesCount":13,"retriesStatusChange":false,"parameters":[],"tags":[]},{"name":"test_get_sum_brand_stock","uid":"8ff9a84a30a939af","parentUid":"b1a8273437954620fa374b796ffaacdd","status":"passed","time":{"start":1745462664183,"stop":1745462665125,"duration":942},"flaky":false,"newFailed":false,"newPassed":false,"newBroken":false,"retriesCount":13,"retriesStatusChange":false,"parameters":[],"tags":[]}]}