{"uid":"b1a8273437954620fa374b796ffaacdd","name":"behaviors","children":[{"name":"测试 1 + 1","uid":"91970368f6e49fa","parentUid":"b1a8273437954620fa374b796ffaacdd","status":"passed","time":{"start":1745317328132,"stop":1745317328132,"duration":0},"flaky":false,"newFailed":false,"newPassed":false,"newBroken":false,"retriesCount":10,"retriesStatusChange":false,"parameters":[],"tags":[]},{"name":"test_drp_order_flow","uid":"61ef8c25406d3e","parentUid":"b1a8273437954620fa374b796ffaacdd","status":"passed","time":{"start":1745317329783,"stop":1745317332739,"duration":2956},"flaky":false,"newFailed":false,"newPassed":false,"newBroken":false,"retriesCount":12,"retriesStatusChange":false,"parameters":[],"tags":[]},{"name":"test_drp_order_flow","uid":"75d94588d57223c9","parentUid":"b1a8273437954620fa374b796ffaacdd","status":"passed","time":{"start":1745317333601,"stop":1745317335445,"duration":1844},"flaky":false,"newFailed":false,"newPassed":false,"newBroken":false,"retriesCount":12,"retriesStatusChange":false,"parameters":[],"tags":[]},{"name":"test_get_sum_brand_stock","uid":"96dd849a6426fccc","parentUid":"b1a8273437954620fa374b796ffaacdd","status":"passed","time":{"start":1745317335449,"stop":1745317336554,"duration":1105},"flaky":false,"newFailed":false,"newPassed":false,"newBroken":false,"retriesCount":12,"retriesStatusChange":false,"parameters":[],"tags":[]}]}