{"uid":"b1a8273437954620fa374b796ffaacdd","name":"behaviors","children":[{"name":"测试 1 + 1","uid":"5b096053975e1640","parentUid":"b1a8273437954620fa374b796ffaacdd","status":"passed","time":{"start":1745484948076,"stop":1745484948077,"duration":1},"flaky":false,"newFailed":false,"newPassed":false,"newBroken":false,"retriesCount":17,"retriesStatusChange":false,"parameters":[],"tags":[]},{"name":"test_drp_order_flow","uid":"a7c66fab77b57509","parentUid":"b1a8273437954620fa374b796ffaacdd","status":"passed","time":{"start":1745484949569,"stop":1745484951091,"duration":1522},"flaky":false,"newFailed":false,"newPassed":false,"newBroken":false,"retriesCount":19,"retriesStatusChange":false,"parameters":[],"tags":[]},{"name":"test_drp_order_flow","uid":"9977c24c05cbafc8","parentUid":"b1a8273437954620fa374b796ffaacdd","status":"passed","time":{"start":1745484951878,"stop":1745484953014,"duration":1136},"flaky":false,"newFailed":false,"newPassed":false,"newBroken":false,"retriesCount":19,"retriesStatusChange":false,"parameters":[],"tags":[]},{"name":"test_get_sum_brand_stock","uid":"15509fd289381e2b","parentUid":"b1a8273437954620fa374b796ffaacdd","status":"passed","time":{"start":1745484953016,"stop":1745484954054,"duration":1038},"flaky":false,"newFailed":false,"newPassed":false,"newBroken":false,"retriesCount":19,"retriesStatusChange":false,"parameters":[],"tags":[]}]}