{"uid":"83edc06c07f9ae9e47eb6dd1b683e4e2","name":"packages","children":[{"name":"testcases","children":[{"name":"test_allure","children":[{"name":"测试 1 + 1","uid":"91970368f6e49fa","parentUid":"a778c82f479157833d3a04c6aaa654f4","status":"passed","time":{"start":1745317328132,"stop":1745317328132,"duration":0},"flaky":false,"newFailed":false,"newPassed":false,"newBroken":false,"retriesCount":10,"retriesStatusChange":false,"parameters":[],"tags":[]}],"uid":"a778c82f479157833d3a04c6aaa654f4"},{"name":"test_drp_dh","children":[{"name":"test_drp_order_flow","uid":"61ef8c25406d3e","parentUid":"d597399a96154b34c353580dfbae29dd","status":"passed","time":{"start":1745317329783,"stop":1745317332739,"duration":2956},"flaky":false,"newFailed":false,"newPassed":false,"newBroken":false,"retriesCount":12,"retriesStatusChange":false,"parameters":[],"tags":[]}],"uid":"d597399a96154b34c353580dfbae29dd"},{"name":"test_drp_dhsq","children":[{"name":"test_drp_order_flow","uid":"75d94588d57223c9","parentUid":"941562a192313d906fa4e631040309e7","status":"passed","time":{"start":1745317333601,"stop":1745317335445,"duration":1844},"flaky":false,"newFailed":false,"newPassed":false,"newBroken":false,"retriesCount":12,"retriesStatusChange":false,"parameters":[],"tags":[]}],"uid":"941562a192313d906fa4e631040309e7"},{"name":"test_login","children":[{"name":"test_get_sum_brand_stock","uid":"96dd849a6426fccc","parentUid":"b3d5adb854320b63d55d1c2a744273d6","status":"passed","time":{"start":1745317335449,"stop":1745317336554,"duration":1105},"flaky":false,"newFailed":false,"newPassed":false,"newBroken":false,"retriesCount":12,"retriesStatusChange":false,"parameters":[],"tags":[]}],"uid":"b3d5adb854320b63d55d1c2a744273d6"}],"uid":"141fa05f02bf329144b0086cf92149a8"}]}