{"uid":"83edc06c07f9ae9e47eb6dd1b683e4e2","name":"packages","children":[{"name":"testcases","children":[{"name":"test_allure","children":[{"name":"测试 1 + 1","uid":"6c9971338cf513ac","parentUid":"a778c82f479157833d3a04c6aaa654f4","status":"passed","time":{"start":1745462658033,"stop":1745462658033,"duration":0},"flaky":false,"newFailed":false,"newPassed":false,"newBroken":false,"retriesCount":11,"retriesStatusChange":false,"parameters":[],"tags":[]}],"uid":"a778c82f479157833d3a04c6aaa654f4"},{"name":"test_drp_dh","children":[{"name":"test_drp_order_flow","uid":"d27ba9ec1e14439f","parentUid":"d597399a96154b34c353580dfbae29dd","status":"passed","time":{"start":1745462660488,"stop":1745462662219,"duration":1731},"flaky":false,"newFailed":false,"newPassed":false,"newBroken":false,"retriesCount":13,"retriesStatusChange":false,"parameters":[],"tags":[]}],"uid":"d597399a96154b34c353580dfbae29dd"},{"name":"test_drp_dhsq","children":[{"name":"test_drp_order_flow","uid":"c5fd8821268e4cf4","parentUid":"941562a192313d906fa4e631040309e7","status":"passed","time":{"start":1745462662960,"stop":1745462664179,"duration":1219},"flaky":false,"newFailed":false,"newPassed":false,"newBroken":false,"retriesCount":13,"retriesStatusChange":false,"parameters":[],"tags":[]}],"uid":"941562a192313d906fa4e631040309e7"},{"name":"test_login","children":[{"name":"test_get_sum_brand_stock","uid":"8ff9a84a30a939af","parentUid":"b3d5adb854320b63d55d1c2a744273d6","status":"passed","time":{"start":1745462664183,"stop":1745462665125,"duration":942},"flaky":false,"newFailed":false,"newPassed":false,"newBroken":false,"retriesCount":13,"retriesStatusChange":false,"parameters":[],"tags":[]}],"uid":"b3d5adb854320b63d55d1c2a744273d6"}],"uid":"141fa05f02bf329144b0086cf92149a8"}]}