{"uid":"83edc06c07f9ae9e47eb6dd1b683e4e2","name":"packages","children":[{"name":"testcases","children":[{"name":"test_allure","children":[{"name":"测试 1 + 1","uid":"5b096053975e1640","parentUid":"a778c82f479157833d3a04c6aaa654f4","status":"passed","time":{"start":1745484948076,"stop":1745484948077,"duration":1},"flaky":false,"newFailed":false,"newPassed":false,"newBroken":false,"retriesCount":17,"retriesStatusChange":false,"parameters":[],"tags":[]}],"uid":"a778c82f479157833d3a04c6aaa654f4"},{"name":"test_drp_dh","children":[{"name":"test_drp_order_flow","uid":"a7c66fab77b57509","parentUid":"d597399a96154b34c353580dfbae29dd","status":"passed","time":{"start":1745484949569,"stop":1745484951091,"duration":1522},"flaky":false,"newFailed":false,"newPassed":false,"newBroken":false,"retriesCount":19,"retriesStatusChange":false,"parameters":[],"tags":[]}],"uid":"d597399a96154b34c353580dfbae29dd"},{"name":"test_drp_dhsq","children":[{"name":"test_drp_order_flow","uid":"9977c24c05cbafc8","parentUid":"941562a192313d906fa4e631040309e7","status":"passed","time":{"start":1745484951878,"stop":1745484953014,"duration":1136},"flaky":false,"newFailed":false,"newPassed":false,"newBroken":false,"retriesCount":19,"retriesStatusChange":false,"parameters":[],"tags":[]}],"uid":"941562a192313d906fa4e631040309e7"},{"name":"test_login","children":[{"name":"test_get_sum_brand_stock","uid":"15509fd289381e2b","parentUid":"b3d5adb854320b63d55d1c2a744273d6","status":"passed","time":{"start":1745484953016,"stop":1745484954054,"duration":1038},"flaky":false,"newFailed":false,"newPassed":false,"newBroken":false,"retriesCount":19,"retriesStatusChange":false,"parameters":[],"tags":[]}],"uid":"b3d5adb854320b63d55d1c2a744273d6"}],"uid":"141fa05f02bf329144b0086cf92149a8"}]}