{"uid":"83edc06c07f9ae9e47eb6dd1b683e4e2","name":"packages","children":[{"name":"testcases","children":[{"name":"test_allure","children":[{"name":"测试 1 + 1","uid":"90aa9edb1457b90c","parentUid":"a778c82f479157833d3a04c6aaa654f4","status":"passed","time":{"start":1745482607547,"stop":1745482607548,"duration":1},"flaky":false,"newFailed":false,"newPassed":false,"newBroken":false,"retriesCount":16,"retriesStatusChange":false,"parameters":[],"tags":[]}],"uid":"a778c82f479157833d3a04c6aaa654f4"},{"name":"test_drp_dh","children":[{"name":"test_drp_order_flow","uid":"f4901b725bfbf2da","parentUid":"d597399a96154b34c353580dfbae29dd","status":"passed","time":{"start":1745482609036,"stop":1745482610495,"duration":1459},"flaky":false,"newFailed":false,"newPassed":false,"newBroken":false,"retriesCount":18,"retriesStatusChange":false,"parameters":[],"tags":[]}],"uid":"d597399a96154b34c353580dfbae29dd"},{"name":"test_drp_dhsq","children":[{"name":"test_drp_order_flow","uid":"3b14e13a40690fe3","parentUid":"941562a192313d906fa4e631040309e7","status":"passed","time":{"start":1745482611214,"stop":1745482612346,"duration":1132},"flaky":false,"newFailed":false,"newPassed":false,"newBroken":false,"retriesCount":18,"retriesStatusChange":false,"parameters":[],"tags":[]}],"uid":"941562a192313d906fa4e631040309e7"},{"name":"test_login","children":[{"name":"test_get_sum_brand_stock","uid":"f1d5b5db523d3388","parentUid":"b3d5adb854320b63d55d1c2a744273d6","status":"passed","time":{"start":1745482612349,"stop":1745482613234,"duration":885},"flaky":false,"newFailed":false,"newPassed":false,"newBroken":false,"retriesCount":18,"retriesStatusChange":false,"parameters":[],"tags":[]}],"uid":"b3d5adb854320b63d55d1c2a744273d6"}],"uid":"141fa05f02bf329144b0086cf92149a8"}]}