{"uid":"83edc06c07f9ae9e47eb6dd1b683e4e2","name":"packages","children":[{"name":"testcases","children":[{"name":"test_allure","children":[{"name":"测试 1 + 1","uid":"e5113ace4d829ee4","parentUid":"a778c82f479157833d3a04c6aaa654f4","status":"passed","time":{"start":1745482143810,"stop":1745482143811,"duration":1},"flaky":false,"newFailed":false,"newPassed":false,"newBroken":false,"retriesCount":13,"retriesStatusChange":false,"parameters":[],"tags":[]}],"uid":"a778c82f479157833d3a04c6aaa654f4"},{"name":"test_drp_dh","children":[{"name":"test_drp_order_flow","uid":"ea308fa2aa2f9552","parentUid":"d597399a96154b34c353580dfbae29dd","status":"passed","time":{"start":1745482145281,"stop":1745482147126,"duration":1845},"flaky":false,"newFailed":false,"newPassed":false,"newBroken":false,"retriesCount":15,"retriesStatusChange":false,"parameters":[],"tags":[]}],"uid":"d597399a96154b34c353580dfbae29dd"},{"name":"test_drp_dhsq","children":[{"name":"test_drp_order_flow","uid":"76a3caa5006a3473","parentUid":"941562a192313d906fa4e631040309e7","status":"passed","time":{"start":1745482148073,"stop":1745482149271,"duration":1198},"flaky":false,"newFailed":false,"newPassed":false,"newBroken":false,"retriesCount":15,"retriesStatusChange":false,"parameters":[],"tags":[]}],"uid":"941562a192313d906fa4e631040309e7"},{"name":"test_login","children":[{"name":"test_get_sum_brand_stock","uid":"af8ae3e7f365a2ef","parentUid":"b3d5adb854320b63d55d1c2a744273d6","status":"passed","time":{"start":1745482149273,"stop":1745482150160,"duration":887},"flaky":false,"newFailed":false,"newPassed":false,"newBroken":false,"retriesCount":15,"retriesStatusChange":false,"parameters":[],"tags":[]}],"uid":"b3d5adb854320b63d55d1c2a744273d6"}],"uid":"141fa05f02bf329144b0086cf92149a8"}]}