"Status","Start Time","Stop Time","Duration in ms","Parent Suite","Suite","Sub Suite","Test Class","Test Method","Name","Description"
"passed","Thu Apr 24 16:16:52 CST 2025","Thu Apr 24 16:16:53 CST 2025","885","testcases","test_login","","","","test_get_sum_brand_stock",""
"passed","Thu Apr 24 16:16:51 CST 2025","Thu Apr 24 16:16:52 CST 2025","1132","testcases","test_drp_dhsq","","","","test_drp_order_flow",""
"passed","Thu Apr 24 16:16:47 CST 2025","Thu Apr 24 16:16:47 CST 2025","1","testcases","test_allure","","","","测试 1 + 1",""
"passed","Thu Apr 24 16:16:49 CST 2025","Thu Apr 24 16:16:50 CST 2025","1459","testcases","test_drp_dh","","","","test_drp_order_flow",""
