{"uid":"98d3104e051c652961429bf95fa0b5d6","name":"suites","children":[{"name":"testcases","children":[{"name":"test_allure","children":[{"name":"测试 1 + 1","uid":"6c9971338cf513ac","parentUid":"d2d99a0832ea58d0298172ece044a6c1","status":"passed","time":{"start":1745462658033,"stop":1745462658033,"duration":0},"flaky":false,"newFailed":false,"newPassed":false,"newBroken":false,"retriesCount":11,"retriesStatusChange":false,"parameters":[],"tags":[]}],"uid":"d2d99a0832ea58d0298172ece044a6c1"},{"name":"test_drp_dh","children":[{"name":"test_drp_order_flow","uid":"d27ba9ec1e14439f","parentUid":"030a10c427885e5de55e19d6a855e5ce","status":"passed","time":{"start":1745462660488,"stop":1745462662219,"duration":1731},"flaky":false,"newFailed":false,"newPassed":false,"newBroken":false,"retriesCount":13,"retriesStatusChange":false,"parameters":[],"tags":[]}],"uid":"030a10c427885e5de55e19d6a855e5ce"},{"name":"test_drp_dhsq","children":[{"name":"test_drp_order_flow","uid":"c5fd8821268e4cf4","parentUid":"e61c1a359b7b547d3e77213571ba761d","status":"passed","time":{"start":1745462662960,"stop":1745462664179,"duration":1219},"flaky":false,"newFailed":false,"newPassed":false,"newBroken":false,"retriesCount":13,"retriesStatusChange":false,"parameters":[],"tags":[]}],"uid":"e61c1a359b7b547d3e77213571ba761d"},{"name":"test_login","children":[{"name":"test_get_sum_brand_stock","uid":"8ff9a84a30a939af","parentUid":"ab70c067fdfc04844e6dad4d931d9fae","status":"passed","time":{"start":1745462664183,"stop":1745462665125,"duration":942},"flaky":false,"newFailed":false,"newPassed":false,"newBroken":false,"retriesCount":13,"retriesStatusChange":false,"parameters":[],"tags":[]}],"uid":"ab70c067fdfc04844e6dad4d931d9fae"}],"uid":"b51346658ccdb9db01a6b5f6c12deab1"}]}