{"uid":"98d3104e051c652961429bf95fa0b5d6","name":"suites","children":[{"name":"testcases","children":[{"name":"test_allure","children":[{"name":"测试 1 + 1","uid":"5b096053975e1640","parentUid":"d2d99a0832ea58d0298172ece044a6c1","status":"passed","time":{"start":1745484948076,"stop":1745484948077,"duration":1},"flaky":false,"newFailed":false,"newPassed":false,"newBroken":false,"retriesCount":17,"retriesStatusChange":false,"parameters":[],"tags":[]}],"uid":"d2d99a0832ea58d0298172ece044a6c1"},{"name":"test_drp_dh","children":[{"name":"test_drp_order_flow","uid":"a7c66fab77b57509","parentUid":"030a10c427885e5de55e19d6a855e5ce","status":"passed","time":{"start":1745484949569,"stop":1745484951091,"duration":1522},"flaky":false,"newFailed":false,"newPassed":false,"newBroken":false,"retriesCount":19,"retriesStatusChange":false,"parameters":[],"tags":[]}],"uid":"030a10c427885e5de55e19d6a855e5ce"},{"name":"test_drp_dhsq","children":[{"name":"test_drp_order_flow","uid":"9977c24c05cbafc8","parentUid":"e61c1a359b7b547d3e77213571ba761d","status":"passed","time":{"start":1745484951878,"stop":1745484953014,"duration":1136},"flaky":false,"newFailed":false,"newPassed":false,"newBroken":false,"retriesCount":19,"retriesStatusChange":false,"parameters":[],"tags":[]}],"uid":"e61c1a359b7b547d3e77213571ba761d"},{"name":"test_login","children":[{"name":"test_get_sum_brand_stock","uid":"15509fd289381e2b","parentUid":"ab70c067fdfc04844e6dad4d931d9fae","status":"passed","time":{"start":1745484953016,"stop":1745484954054,"duration":1038},"flaky":false,"newFailed":false,"newPassed":false,"newBroken":false,"retriesCount":19,"retriesStatusChange":false,"parameters":[],"tags":[]}],"uid":"ab70c067fdfc04844e6dad4d931d9fae"}],"uid":"b51346658ccdb9db01a6b5f6c12deab1"}]}