"Status","Start Time","Stop Time","Duration in ms","Parent Suite","Suite","Sub Suite","Test Class","Test Method","Name","Description"
"passed","Thu Apr 24 10:44:18 CST 2025","Thu Apr 24 10:44:18 CST 2025","0","testcases","test_allure","","","","测试 1 + 1",""
"passed","Thu Apr 24 10:44:22 CST 2025","Thu Apr 24 10:44:24 CST 2025","1219","testcases","test_drp_dhsq","","","","test_drp_order_flow",""
"passed","Thu Apr 24 10:44:20 CST 2025","Thu Apr 24 10:44:22 CST 2025","1731","testcases","test_drp_dh","","","","test_drp_order_flow",""
"passed","Thu Apr 24 10:44:24 CST 2025","Thu Apr 24 10:44:25 CST 2025","942","testcases","test_login","","","","test_get_sum_brand_stock",""
