"Status","Start Time","Stop Time","Duration in ms","Parent Suite","Suite","Sub Suite","Test Class","Test Method","Name","Description"
"passed","Tue Apr 22 18:22:08 CST 2025","Tue Apr 22 18:22:08 CST 2025","0","testcases","test_allure","","","","测试 1 + 1",""
"passed","Tue Apr 22 18:22:13 CST 2025","Tue Apr 22 18:22:15 CST 2025","1844","testcases","test_drp_dhsq","","","","test_drp_order_flow",""
"passed","Tue Apr 22 18:22:09 CST 2025","Tue Apr 22 18:22:12 CST 2025","2956","testcases","test_drp_dh","","","","test_drp_order_flow",""
"passed","Tue Apr 22 18:22:15 CST 2025","Tue Apr 22 18:22:16 CST 2025","1105","testcases","test_login","","","","test_get_sum_brand_stock",""
