{"uid":"98d3104e051c652961429bf95fa0b5d6","name":"suites","children":[{"name":"testcases","children":[{"name":"test_allure","children":[{"name":"测试 1 + 1","uid":"90aa9edb1457b90c","parentUid":"d2d99a0832ea58d0298172ece044a6c1","status":"passed","time":{"start":1745482607547,"stop":1745482607548,"duration":1},"flaky":false,"newFailed":false,"newPassed":false,"newBroken":false,"retriesCount":16,"retriesStatusChange":false,"parameters":[],"tags":[]}],"uid":"d2d99a0832ea58d0298172ece044a6c1"},{"name":"test_drp_dh","children":[{"name":"test_drp_order_flow","uid":"f4901b725bfbf2da","parentUid":"030a10c427885e5de55e19d6a855e5ce","status":"passed","time":{"start":1745482609036,"stop":1745482610495,"duration":1459},"flaky":false,"newFailed":false,"newPassed":false,"newBroken":false,"retriesCount":18,"retriesStatusChange":false,"parameters":[],"tags":[]}],"uid":"030a10c427885e5de55e19d6a855e5ce"},{"name":"test_drp_dhsq","children":[{"name":"test_drp_order_flow","uid":"3b14e13a40690fe3","parentUid":"e61c1a359b7b547d3e77213571ba761d","status":"passed","time":{"start":1745482611214,"stop":1745482612346,"duration":1132},"flaky":false,"newFailed":false,"newPassed":false,"newBroken":false,"retriesCount":18,"retriesStatusChange":false,"parameters":[],"tags":[]}],"uid":"e61c1a359b7b547d3e77213571ba761d"},{"name":"test_login","children":[{"name":"test_get_sum_brand_stock","uid":"f1d5b5db523d3388","parentUid":"ab70c067fdfc04844e6dad4d931d9fae","status":"passed","time":{"start":1745482612349,"stop":1745482613234,"duration":885},"flaky":false,"newFailed":false,"newPassed":false,"newBroken":false,"retriesCount":18,"retriesStatusChange":false,"parameters":[],"tags":[]}],"uid":"ab70c067fdfc04844e6dad4d931d9fae"}],"uid":"b51346658ccdb9db01a6b5f6c12deab1"}]}