{"uid":"98d3104e051c652961429bf95fa0b5d6","name":"suites","children":[{"name":"testcases","children":[{"name":"test_allure","children":[{"name":"测试 1 + 1","uid":"91970368f6e49fa","parentUid":"d2d99a0832ea58d0298172ece044a6c1","status":"passed","time":{"start":1745317328132,"stop":1745317328132,"duration":0},"flaky":false,"newFailed":false,"newPassed":false,"newBroken":false,"retriesCount":10,"retriesStatusChange":false,"parameters":[],"tags":[]}],"uid":"d2d99a0832ea58d0298172ece044a6c1"},{"name":"test_drp_dh","children":[{"name":"test_drp_order_flow","uid":"61ef8c25406d3e","parentUid":"030a10c427885e5de55e19d6a855e5ce","status":"passed","time":{"start":1745317329783,"stop":1745317332739,"duration":2956},"flaky":false,"newFailed":false,"newPassed":false,"newBroken":false,"retriesCount":12,"retriesStatusChange":false,"parameters":[],"tags":[]}],"uid":"030a10c427885e5de55e19d6a855e5ce"},{"name":"test_drp_dhsq","children":[{"name":"test_drp_order_flow","uid":"75d94588d57223c9","parentUid":"e61c1a359b7b547d3e77213571ba761d","status":"passed","time":{"start":1745317333601,"stop":1745317335445,"duration":1844},"flaky":false,"newFailed":false,"newPassed":false,"newBroken":false,"retriesCount":12,"retriesStatusChange":false,"parameters":[],"tags":[]}],"uid":"e61c1a359b7b547d3e77213571ba761d"},{"name":"test_login","children":[{"name":"test_get_sum_brand_stock","uid":"96dd849a6426fccc","parentUid":"ab70c067fdfc04844e6dad4d931d9fae","status":"passed","time":{"start":1745317335449,"stop":1745317336554,"duration":1105},"flaky":false,"newFailed":false,"newPassed":false,"newBroken":false,"retriesCount":12,"retriesStatusChange":false,"parameters":[],"tags":[]}],"uid":"ab70c067fdfc04844e6dad4d931d9fae"}],"uid":"b51346658ccdb9db01a6b5f6c12deab1"}]}