{"uid":"98d3104e051c652961429bf95fa0b5d6","name":"suites","children":[{"name":"testcases","children":[{"name":"test_allure","children":[{"name":"测试 1 + 1","uid":"e5113ace4d829ee4","parentUid":"d2d99a0832ea58d0298172ece044a6c1","status":"passed","time":{"start":1745482143810,"stop":1745482143811,"duration":1},"flaky":false,"newFailed":false,"newPassed":false,"newBroken":false,"retriesCount":13,"retriesStatusChange":false,"parameters":[],"tags":[]}],"uid":"d2d99a0832ea58d0298172ece044a6c1"},{"name":"test_drp_dh","children":[{"name":"test_drp_order_flow","uid":"ea308fa2aa2f9552","parentUid":"030a10c427885e5de55e19d6a855e5ce","status":"passed","time":{"start":1745482145281,"stop":1745482147126,"duration":1845},"flaky":false,"newFailed":false,"newPassed":false,"newBroken":false,"retriesCount":15,"retriesStatusChange":false,"parameters":[],"tags":[]}],"uid":"030a10c427885e5de55e19d6a855e5ce"},{"name":"test_drp_dhsq","children":[{"name":"test_drp_order_flow","uid":"76a3caa5006a3473","parentUid":"e61c1a359b7b547d3e77213571ba761d","status":"passed","time":{"start":1745482148073,"stop":1745482149271,"duration":1198},"flaky":false,"newFailed":false,"newPassed":false,"newBroken":false,"retriesCount":15,"retriesStatusChange":false,"parameters":[],"tags":[]}],"uid":"e61c1a359b7b547d3e77213571ba761d"},{"name":"test_login","children":[{"name":"test_get_sum_brand_stock","uid":"af8ae3e7f365a2ef","parentUid":"ab70c067fdfc04844e6dad4d931d9fae","status":"passed","time":{"start":1745482149273,"stop":1745482150160,"duration":887},"flaky":false,"newFailed":false,"newPassed":false,"newBroken":false,"retriesCount":15,"retriesStatusChange":false,"parameters":[],"tags":[]}],"uid":"ab70c067fdfc04844e6dad4d931d9fae"}],"uid":"b51346658ccdb9db01a6b5f6c12deab1"}]}