{"uid":"ab17fc5a4eb3bca4b216b548c7f9fcbc","name":"timeline","children":[{"name":"mmmzy","children":[{"name":"25304-MainThread","children":[{"name":"测试 1 + 1","uid":"4ea4e06e545a63f9","parentUid":"e1b349c744749a50f98e9a869d2e9676","status":"passed","time":{"start":1745316940508,"stop":1745316940508,"duration":0},"flaky":false,"newFailed":false,"newPassed":false,"newBroken":false,"retriesCount":0,"retriesStatusChange":false,"parameters":[],"tags":[]},{"name":"test_drp_order_flow","uid":"ce0af11f9f77a0cc","parentUid":"e1b349c744749a50f98e9a869d2e9676","status":"passed","time":{"start":1745316947436,"stop":1745316949140,"duration":1704},"flaky":false,"newFailed":false,"newPassed":false,"newBroken":false,"retriesCount":0,"retriesStatusChange":false,"parameters":[],"tags":[]},{"name":"test_drp_order_flow","uid":"618ddaff4c254afe","parentUid":"e1b349c744749a50f98e9a869d2e9676","status":"passed","time":{"start":1745316943670,"stop":1745316945798,"duration":2128},"flaky":false,"newFailed":false,"newPassed":false,"newBroken":false,"retriesCount":0,"retriesStatusChange":false,"parameters":[],"tags":[]},{"name":"test_get_sum_brand_stock","uid":"db9c052667dcd162","parentUid":"e1b349c744749a50f98e9a869d2e9676","status":"passed","time":{"start":1745316949143,"stop":1745316950981,"duration":1838},"flaky":false,"newFailed":false,"newPassed":false,"newBroken":false,"retriesCount":0,"retriesStatusChange":false,"parameters":[],"tags":[]}],"uid":"e1b349c744749a50f98e9a869d2e9676"},{"name":"19148-MainThread","children":[{"name":"test_get_sum_brand_stock","uid":"f34a7a2c2e6a8972","parentUid":"81071d249b139e673813ae2538244d12","status":"passed","time":{"start":1745316527299,"stop":1745316528523,"duration":1224},"flaky":false,"newFailed":false,"newPassed":false,"newBroken":false,"retriesCount":0,"retriesStatusChange":false,"parameters":[],"tags":[]},{"name":"测试 1 + 1","uid":"5556ce25d2a62e28","parentUid":"81071d249b139e673813ae2538244d12","status":"passed","time":{"start":1745316519877,"stop":1745316519879,"duration":2},"flaky":false,"newFailed":false,"newPassed":false,"newBroken":false,"retriesCount":0,"retriesStatusChange":false,"parameters":[],"tags":[]},{"name":"test_drp_order_flow","uid":"97b0989b1e327019","parentUid":"81071d249b139e673813ae2538244d12","status":"passed","time":{"start":1745316522805,"stop":1745316524887,"duration":2082},"flaky":false,"newFailed":false,"newPassed":false,"newBroken":false,"retriesCount":0,"retriesStatusChange":false,"parameters":[],"tags":[]},{"name":"test_drp_order_flow","uid":"addb6ec3d3eaa699","parentUid":"81071d249b139e673813ae2538244d12","status":"passed","time":{"start":1745316525704,"stop":1745316527296,"duration":1592},"flaky":false,"newFailed":false,"newPassed":false,"newBroken":false,"retriesCount":0,"retriesStatusChange":false,"parameters":[],"tags":[]}],"uid":"81071d249b139e673813ae2538244d12"},{"name":"25296-MainThread","children":[{"name":"test_drp_order_flow","uid":"9054b14d9ec6048d","parentUid":"7a4c1e53fbabbd008856d9ba0e2d6a6d","status":"passed","time":{"start":1745314698267,"stop":1745314700501,"duration":2234},"flaky":false,"newFailed":false,"newPassed":false,"newBroken":false,"retriesCount":0,"retriesStatusChange":false,"parameters":[],"tags":[]},{"name":"test_drp_order_flow","uid":"cd57b3770ceb2d97","parentUid":"7a4c1e53fbabbd008856d9ba0e2d6a6d","status":"passed","time":{"start":1745314702716,"stop":1745314704294,"duration":1578},"flaky":false,"newFailed":false,"newPassed":false,"newBroken":false,"retriesCount":0,"retriesStatusChange":false,"parameters":[],"tags":[]},{"name":"test_get_sum_brand_stock","uid":"91d0491a49c5967b","parentUid":"7a4c1e53fbabbd008856d9ba0e2d6a6d","status":"passed","time":{"start":1745314704300,"stop":1745314705515,"duration":1215},"flaky":false,"newFailed":false,"newPassed":false,"newBroken":false,"retriesCount":0,"retriesStatusChange":false,"parameters":[],"tags":[]}],"uid":"7a4c1e53fbabbd008856d9ba0e2d6a6d"},{"name":"21524-MainThread","children":[{"name":"test_drp_order_flow","uid":"867829eb4eaac4eb","parentUid":"05a02104503742a6f662154d4dcf35f2","status":"passed","time":{"start":1745316756236,"stop":1745316758208,"duration":1972},"flaky":false,"newFailed":false,"newPassed":false,"newBroken":false,"retriesCount":0,"retriesStatusChange":false,"parameters":[],"tags":[]},{"name":"test_get_sum_brand_stock","uid":"37c9bae6753039ff","parentUid":"05a02104503742a6f662154d4dcf35f2","status":"passed","time":{"start":1745316760511,"stop":1745316762770,"duration":2259},"flaky":false,"newFailed":false,"newPassed":false,"newBroken":false,"retriesCount":0,"retriesStatusChange":false,"parameters":[],"tags":[]},{"name":"test_drp_order_flow","uid":"ab8a94b98170322","parentUid":"05a02104503742a6f662154d4dcf35f2","status":"passed","time":{"start":1745316759014,"stop":1745316760508,"duration":1494},"flaky":false,"newFailed":false,"newPassed":false,"newBroken":false,"retriesCount":0,"retriesStatusChange":false,"parameters":[],"tags":[]},{"name":"测试 1 + 1","uid":"a56dce0770e58427","parentUid":"05a02104503742a6f662154d4dcf35f2","status":"passed","time":{"start":1745316754729,"stop":1745316754731,"duration":2},"flaky":false,"newFailed":false,"newPassed":false,"newBroken":false,"retriesCount":0,"retriesStatusChange":false,"parameters":[],"tags":[]}],"uid":"05a02104503742a6f662154d4dcf35f2"},{"name":"13800-MainThread","children":[{"name":"test_drp_order_flow","uid":"b10065cc36080599","parentUid":"2b73d1c4371fcae7ed28e372b073583b","status":"passed","time":{"start":1745314929035,"stop":1745314931422,"duration":2387},"flaky":false,"newFailed":false,"newPassed":false,"newBroken":false,"retriesCount":0,"retriesStatusChange":false,"parameters":[],"tags":[]},{"name":"测试 1 + 1","uid":"4f1f9327ec97da3b","parentUid":"2b73d1c4371fcae7ed28e372b073583b","status":"passed","time":{"start":1745314927284,"stop":1745314927285,"duration":1},"flaky":false,"newFailed":false,"newPassed":false,"newBroken":false,"retriesCount":0,"retriesStatusChange":false,"parameters":[],"tags":[]},{"name":"test_get_sum_brand_stock","uid":"f5fb94cbc55acff3","parentUid":"2b73d1c4371fcae7ed28e372b073583b","status":"passed","time":{"start":1745314935194,"stop":1745314936022,"duration":828},"flaky":false,"newFailed":false,"newPassed":false,"newBroken":false,"retriesCount":0,"retriesStatusChange":false,"parameters":[],"tags":[]},{"name":"test_drp_order_flow","uid":"4b618fc3f650b810","parentUid":"2b73d1c4371fcae7ed28e372b073583b","status":"passed","time":{"start":1745314932188,"stop":1745314935188,"duration":3000},"flaky":false,"newFailed":false,"newPassed":false,"newBroken":false,"retriesCount":0,"retriesStatusChange":false,"parameters":[],"tags":[]}],"uid":"2b73d1c4371fcae7ed28e372b073583b"},{"name":"22932-MainThread","children":[{"name":"test_drp_order_flow","uid":"246b000ed355fc8","parentUid":"3ab0e35e710c2f75b20a627d210a379e","status":"passed","time":{"start":1745316618883,"stop":1745316620776,"duration":1893},"flaky":false,"newFailed":false,"newPassed":false,"newBroken":false,"retriesCount":0,"retriesStatusChange":false,"parameters":[],"tags":[]},{"name":"test_drp_order_flow","uid":"80ce1534db65b4cd","parentUid":"3ab0e35e710c2f75b20a627d210a379e","status":"passed","time":{"start":1745316623046,"stop":1745316624760,"duration":1714},"flaky":false,"newFailed":false,"newPassed":false,"newBroken":false,"retriesCount":0,"retriesStatusChange":false,"parameters":[],"tags":[]},{"name":"test_get_sum_brand_stock","uid":"ee21db3c712be1c3","parentUid":"3ab0e35e710c2f75b20a627d210a379e","status":"passed","time":{"start":1745316624763,"stop":1745316625833,"duration":1070},"flaky":false,"newFailed":false,"newPassed":false,"newBroken":false,"retriesCount":0,"retriesStatusChange":false,"parameters":[],"tags":[]},{"name":"测试 1 + 1","uid":"cc235ce68211b2e9","parentUid":"3ab0e35e710c2f75b20a627d210a379e","status":"passed","time":{"start":1745316617181,"stop":1745316617182,"duration":1},"flaky":false,"newFailed":false,"newPassed":false,"newBroken":false,"retriesCount":0,"retriesStatusChange":false,"parameters":[],"tags":[]}],"uid":"3ab0e35e710c2f75b20a627d210a379e"},{"name":"24268-MainThread","children":[{"name":"test_drp_order_flow","uid":"80cb96f150c4ec9","parentUid":"38041bbc2edb062dfb4e12c21c9d7908","status":"passed","time":{"start":1745315652994,"stop":1745315654884,"duration":1890},"flaky":false,"newFailed":false,"newPassed":false,"newBroken":false,"retriesCount":0,"retriesStatusChange":false,"parameters":[],"tags":[]},{"name":"test_get_sum_brand_stock","uid":"92593ce23a925b70","parentUid":"38041bbc2edb062dfb4e12c21c9d7908","status":"passed","time":{"start":1745315657390,"stop":1745315658417,"duration":1027},"flaky":false,"newFailed":false,"newPassed":false,"newBroken":false,"retriesCount":0,"retriesStatusChange":false,"parameters":[],"tags":[]},{"name":"test_drp_order_flow","uid":"37b971080e5ab183","parentUid":"38041bbc2edb062dfb4e12c21c9d7908","status":"passed","time":{"start":1745315655941,"stop":1745315657386,"duration":1445},"flaky":false,"newFailed":false,"newPassed":false,"newBroken":false,"retriesCount":0,"retriesStatusChange":false,"parameters":[],"tags":[]},{"name":"测试 1 + 1","uid":"21669a9ce264b1a5","parentUid":"38041bbc2edb062dfb4e12c21c9d7908","status":"passed","time":{"start":1745315650702,"stop":1745315650702,"duration":0},"flaky":false,"newFailed":false,"newPassed":false,"newBroken":false,"retriesCount":0,"retriesStatusChange":false,"parameters":[],"tags":[]}],"uid":"38041bbc2edb062dfb4e12c21c9d7908"},{"name":"27392-MainThread","children":[{"name":"test_get_sum_brand_stock","uid":"60a7eb3a923a4c6d","parentUid":"5e744e5892b5f9d8d575957df8b46992","status":"passed","time":{"start":1745315327910,"stop":1745315329063,"duration":1153},"flaky":false,"newFailed":false,"newPassed":false,"newBroken":false,"retriesCount":0,"retriesStatusChange":false,"parameters":[],"tags":[]},{"name":"test_drp_order_flow","uid":"cdd0001f61a1160","parentUid":"5e744e5892b5f9d8d575957df8b46992","status":"passed","time":{"start":1745315323005,"stop":1745315325231,"duration":2226},"flaky":false,"newFailed":false,"newPassed":false,"newBroken":false,"retriesCount":0,"retriesStatusChange":false,"parameters":[],"tags":[]},{"name":"test_drp_order_flow","uid":"746ebca30117025f","parentUid":"5e744e5892b5f9d8d575957df8b46992","status":"passed","time":{"start":1745315326246,"stop":1745315327906,"duration":1660},"flaky":false,"newFailed":false,"newPassed":false,"newBroken":false,"retriesCount":0,"retriesStatusChange":false,"parameters":[],"tags":[]},{"name":"测试 1 + 1","uid":"2c67a69dd70b4dcb","parentUid":"5e744e5892b5f9d8d575957df8b46992","status":"passed","time":{"start":1745315321190,"stop":1745315321190,"duration":0},"flaky":false,"newFailed":false,"newPassed":false,"newBroken":false,"retriesCount":0,"retriesStatusChange":false,"parameters":[],"tags":[]}],"uid":"5e744e5892b5f9d8d575957df8b46992"},{"name":"27336-MainThread","children":[{"name":"测试 1 + 1","uid":"91970368f6e49fa","parentUid":"3879704e054d6d1ed68313e9f8a36d0a","status":"passed","time":{"start":1745317328132,"stop":1745317328132,"duration":0},"flaky":false,"newFailed":false,"newPassed":false,"newBroken":false,"retriesCount":10,"retriesStatusChange":false,"parameters":[],"tags":[]},{"name":"test_drp_order_flow","uid":"61ef8c25406d3e","parentUid":"3879704e054d6d1ed68313e9f8a36d0a","status":"passed","time":{"start":1745317329783,"stop":1745317332739,"duration":2956},"flaky":false,"newFailed":false,"newPassed":false,"newBroken":false,"retriesCount":12,"retriesStatusChange":false,"parameters":[],"tags":[]},{"name":"test_drp_order_flow","uid":"75d94588d57223c9","parentUid":"3879704e054d6d1ed68313e9f8a36d0a","status":"passed","time":{"start":1745317333601,"stop":1745317335445,"duration":1844},"flaky":false,"newFailed":false,"newPassed":false,"newBroken":false,"retriesCount":12,"retriesStatusChange":false,"parameters":[],"tags":[]},{"name":"test_get_sum_brand_stock","uid":"96dd849a6426fccc","parentUid":"3879704e054d6d1ed68313e9f8a36d0a","status":"passed","time":{"start":1745317335449,"stop":1745317336554,"duration":1105},"flaky":false,"newFailed":false,"newPassed":false,"newBroken":false,"retriesCount":12,"retriesStatusChange":false,"parameters":[],"tags":[]}],"uid":"3879704e054d6d1ed68313e9f8a36d0a"},{"name":"24456-MainThread","children":[{"name":"test_get_sum_brand_stock","uid":"e0643aefda6bb099","parentUid":"f0f6337fdaf36066e84f9479b4960899","status":"passed","time":{"start":1745314543743,"stop":1745314545060,"duration":1317},"flaky":false,"newFailed":false,"newPassed":false,"newBroken":false,"retriesCount":0,"retriesStatusChange":false,"parameters":[],"tags":[]},{"name":"test_drp_order_flow","uid":"a300d049b1accc0a","parentUid":"f0f6337fdaf36066e84f9479b4960899","status":"passed","time":{"start":1745314537682,"stop":1745314539943,"duration":2261},"flaky":false,"newFailed":false,"newPassed":false,"newBroken":false,"retriesCount":0,"retriesStatusChange":false,"parameters":[],"tags":[]},{"name":"test_drp_order_flow","uid":"a663574d29df827","parentUid":"f0f6337fdaf36066e84f9479b4960899","status":"passed","time":{"start":1745314540929,"stop":1745314543740,"duration":2811},"flaky":false,"newFailed":false,"newPassed":false,"newBroken":false,"retriesCount":0,"retriesStatusChange":false,"parameters":[],"tags":[]}],"uid":"f0f6337fdaf36066e84f9479b4960899"},{"name":"21048-MainThread","children":[{"name":"test_get_sum_brand_stock","uid":"b11464c0a3114fb6","parentUid":"7bbff2bc6bb03d84e2cc40013343216c","status":"passed","time":{"start":1745316674956,"stop":1745316676080,"duration":1124},"flaky":false,"newFailed":false,"newPassed":false,"newBroken":false,"retriesCount":0,"retriesStatusChange":false,"parameters":[],"tags":[]},{"name":"test_drp_order_flow","uid":"8478319e16e4f8ef","parentUid":"7bbff2bc6bb03d84e2cc40013343216c","status":"passed","time":{"start":1745316670204,"stop":1745316672218,"duration":2014},"flaky":false,"newFailed":false,"newPassed":false,"newBroken":false,"retriesCount":0,"retriesStatusChange":false,"parameters":[],"tags":[]},{"name":"测试 1 + 1","uid":"61ba01f33eb18f1b","parentUid":"7bbff2bc6bb03d84e2cc40013343216c","status":"passed","time":{"start":1745316668367,"stop":1745316668367,"duration":0},"flaky":false,"newFailed":false,"newPassed":false,"newBroken":false,"retriesCount":0,"retriesStatusChange":false,"parameters":[],"tags":[]},{"name":"test_drp_order_flow","uid":"4f349c48dd49b220","parentUid":"7bbff2bc6bb03d84e2cc40013343216c","status":"passed","time":{"start":1745316673455,"stop":1745316674953,"duration":1498},"flaky":false,"newFailed":false,"newPassed":false,"newBroken":false,"retriesCount":0,"retriesStatusChange":false,"parameters":[],"tags":[]}],"uid":"7bbff2bc6bb03d84e2cc40013343216c"},{"name":"4328-MainThread","children":[{"name":"测试 1 + 1","uid":"be1fb5138df10b0a","parentUid":"934f69b646cd78e661905e7f6b4d8597","status":"passed","time":{"start":1745315208831,"stop":1745315208832,"duration":1},"flaky":false,"newFailed":false,"newPassed":false,"newBroken":false,"retriesCount":0,"retriesStatusChange":false,"parameters":[],"tags":[]},{"name":"test_get_sum_brand_stock","uid":"450c4c0af8f90b75","parentUid":"934f69b646cd78e661905e7f6b4d8597","status":"passed","time":{"start":1745315215957,"stop":1745315217193,"duration":1236},"flaky":false,"newFailed":false,"newPassed":false,"newBroken":false,"retriesCount":0,"retriesStatusChange":false,"parameters":[],"tags":[]},{"name":"test_drp_order_flow","uid":"19113876b9ddc583","parentUid":"934f69b646cd78e661905e7f6b4d8597","status":"passed","time":{"start":1745315214227,"stop":1745315215953,"duration":1726},"flaky":false,"newFailed":false,"newPassed":false,"newBroken":false,"retriesCount":0,"retriesStatusChange":false,"parameters":[],"tags":[]},{"name":"test_drp_order_flow","uid":"2fea60a32015017","parentUid":"934f69b646cd78e661905e7f6b4d8597","status":"passed","time":{"start":1745315210237,"stop":1745315213413,"duration":3176},"flaky":false,"newFailed":false,"newPassed":false,"newBroken":false,"retriesCount":0,"retriesStatusChange":false,"parameters":[],"tags":[]}],"uid":"934f69b646cd78e661905e7f6b4d8597"},{"name":"23892-MainThread","children":[{"name":"测试 1 + 1","uid":"6755af8b1d16385","parentUid":"b8febd295fb099b164697fac55b0a53e","status":"passed","time":{"start":1745316891461,"stop":1745316891462,"duration":1},"flaky":false,"newFailed":false,"newPassed":false,"newBroken":false,"retriesCount":0,"retriesStatusChange":false,"parameters":[],"tags":[]},{"name":"test_drp_order_flow","uid":"7562c2eb51a81c5b","parentUid":"b8febd295fb099b164697fac55b0a53e","status":"passed","time":{"start":1745316897232,"stop":1745316898841,"duration":1609},"flaky":false,"newFailed":false,"newPassed":false,"newBroken":false,"retriesCount":0,"retriesStatusChange":false,"parameters":[],"tags":[]},{"name":"test_get_sum_brand_stock","uid":"ee065b7a8c1f5cca","parentUid":"b8febd295fb099b164697fac55b0a53e","status":"passed","time":{"start":1745316898844,"stop":1745316900356,"duration":1512},"flaky":false,"newFailed":false,"newPassed":false,"newBroken":false,"retriesCount":0,"retriesStatusChange":false,"parameters":[],"tags":[]},{"name":"test_drp_order_flow","uid":"6397018221c8c4f0","parentUid":"b8febd295fb099b164697fac55b0a53e","status":"passed","time":{"start":1745316893926,"stop":1745316895861,"duration":1935},"flaky":false,"newFailed":false,"newPassed":false,"newBroken":false,"retriesCount":0,"retriesStatusChange":false,"parameters":[],"tags":[]}],"uid":"b8febd295fb099b164697fac55b0a53e"}],"uid":"bc3b839477df156e8ff4014219f6fa1c"}]}