{"uid":"ab17fc5a4eb3bca4b216b548c7f9fcbc","name":"timeline","children":[{"name":"mmmzy","children":[{"name":"21524-MainThread","children":[{"name":"测试 1 + 1","uid":"f0d597acc131668e","parentUid":"05a02104503742a6f662154d4dcf35f2","status":"passed","time":{"start":1745316754729,"stop":1745316754731,"duration":2},"flaky":false,"newFailed":false,"newPassed":false,"newBroken":false,"retriesCount":0,"retriesStatusChange":false,"parameters":[],"tags":[]},{"name":"test_drp_order_flow","uid":"4625879542df28d4","parentUid":"05a02104503742a6f662154d4dcf35f2","status":"passed","time":{"start":1745316756236,"stop":1745316758208,"duration":1972},"flaky":false,"newFailed":false,"newPassed":false,"newBroken":false,"retriesCount":0,"retriesStatusChange":false,"parameters":[],"tags":[]},{"name":"test_get_sum_brand_stock","uid":"93599f40b87ab60f","parentUid":"05a02104503742a6f662154d4dcf35f2","status":"passed","time":{"start":1745316760511,"stop":1745316762770,"duration":2259},"flaky":false,"newFailed":false,"newPassed":false,"newBroken":false,"retriesCount":0,"retriesStatusChange":false,"parameters":[],"tags":[]},{"name":"test_drp_order_flow","uid":"2efa948206eb205d","parentUid":"05a02104503742a6f662154d4dcf35f2","status":"passed","time":{"start":1745316759014,"stop":1745316760508,"duration":1494},"flaky":false,"newFailed":false,"newPassed":false,"newBroken":false,"retriesCount":0,"retriesStatusChange":false,"parameters":[],"tags":[]}],"uid":"05a02104503742a6f662154d4dcf35f2"},{"name":"25876-MainThread","children":[{"name":"test_get_sum_brand_stock","uid":"3652bb7a40fd8e98","parentUid":"38188a7a31a7044f8935b6d4b9b6675a","status":"passed","time":{"start":1745462664183,"stop":1745462665125,"duration":942},"flaky":false,"newFailed":false,"newPassed":false,"newBroken":false,"retriesCount":0,"retriesStatusChange":false,"parameters":[],"tags":[]},{"name":"test_drp_order_flow","uid":"4ce15599dc69bbb0","parentUid":"38188a7a31a7044f8935b6d4b9b6675a","status":"passed","time":{"start":1745462662960,"stop":1745462664179,"duration":1219},"flaky":false,"newFailed":false,"newPassed":false,"newBroken":false,"retriesCount":0,"retriesStatusChange":false,"parameters":[],"tags":[]},{"name":"测试 1 + 1","uid":"a9c790ba11c6cd9e","parentUid":"38188a7a31a7044f8935b6d4b9b6675a","status":"passed","time":{"start":1745462658033,"stop":1745462658033,"duration":0},"flaky":false,"newFailed":false,"newPassed":false,"newBroken":false,"retriesCount":0,"retriesStatusChange":false,"parameters":[],"tags":[]},{"name":"test_drp_order_flow","uid":"a199c511d2d62387","parentUid":"38188a7a31a7044f8935b6d4b9b6675a","status":"passed","time":{"start":1745462660488,"stop":1745462662219,"duration":1731},"flaky":false,"newFailed":false,"newPassed":false,"newBroken":false,"retriesCount":0,"retriesStatusChange":false,"parameters":[],"tags":[]}],"uid":"38188a7a31a7044f8935b6d4b9b6675a"},{"name":"19148-MainThread","children":[{"name":"test_drp_order_flow","uid":"5b3ea1ece2582e63","parentUid":"81071d249b139e673813ae2538244d12","status":"passed","time":{"start":1745316525704,"stop":1745316527296,"duration":1592},"flaky":false,"newFailed":false,"newPassed":false,"newBroken":false,"retriesCount":0,"retriesStatusChange":false,"parameters":[],"tags":[]},{"name":"测试 1 + 1","uid":"74a40744050f0b20","parentUid":"81071d249b139e673813ae2538244d12","status":"passed","time":{"start":1745316519877,"stop":1745316519879,"duration":2},"flaky":false,"newFailed":false,"newPassed":false,"newBroken":false,"retriesCount":0,"retriesStatusChange":false,"parameters":[],"tags":[]},{"name":"test_drp_order_flow","uid":"a88f7cac295e39cb","parentUid":"81071d249b139e673813ae2538244d12","status":"passed","time":{"start":1745316522805,"stop":1745316524887,"duration":2082},"flaky":false,"newFailed":false,"newPassed":false,"newBroken":false,"retriesCount":0,"retriesStatusChange":false,"parameters":[],"tags":[]},{"name":"test_get_sum_brand_stock","uid":"ac0d4c52c3accded","parentUid":"81071d249b139e673813ae2538244d12","status":"passed","time":{"start":1745316527299,"stop":1745316528523,"duration":1224},"flaky":false,"newFailed":false,"newPassed":false,"newBroken":false,"retriesCount":0,"retriesStatusChange":false,"parameters":[],"tags":[]}],"uid":"81071d249b139e673813ae2538244d12"},{"name":"23892-MainThread","children":[{"name":"test_drp_order_flow","uid":"d1ca9e203e232408","parentUid":"b8febd295fb099b164697fac55b0a53e","status":"passed","time":{"start":1745316893926,"stop":1745316895861,"duration":1935},"flaky":false,"newFailed":false,"newPassed":false,"newBroken":false,"retriesCount":0,"retriesStatusChange":false,"parameters":[],"tags":[]},{"name":"test_get_sum_brand_stock","uid":"ca5fbdd3537c93b9","parentUid":"b8febd295fb099b164697fac55b0a53e","status":"passed","time":{"start":1745316898844,"stop":1745316900356,"duration":1512},"flaky":false,"newFailed":false,"newPassed":false,"newBroken":false,"retriesCount":0,"retriesStatusChange":false,"parameters":[],"tags":[]},{"name":"test_drp_order_flow","uid":"d66c45eae3d475aa","parentUid":"b8febd295fb099b164697fac55b0a53e","status":"passed","time":{"start":1745316897232,"stop":1745316898841,"duration":1609},"flaky":false,"newFailed":false,"newPassed":false,"newBroken":false,"retriesCount":0,"retriesStatusChange":false,"parameters":[],"tags":[]},{"name":"测试 1 + 1","uid":"26e229573d939012","parentUid":"b8febd295fb099b164697fac55b0a53e","status":"passed","time":{"start":1745316891461,"stop":1745316891462,"duration":1},"flaky":false,"newFailed":false,"newPassed":false,"newBroken":false,"retriesCount":0,"retriesStatusChange":false,"parameters":[],"tags":[]}],"uid":"b8febd295fb099b164697fac55b0a53e"},{"name":"13800-MainThread","children":[{"name":"test_drp_order_flow","uid":"5c0c835461b12ecf","parentUid":"2b73d1c4371fcae7ed28e372b073583b","status":"passed","time":{"start":1745314929035,"stop":1745314931422,"duration":2387},"flaky":false,"newFailed":false,"newPassed":false,"newBroken":false,"retriesCount":0,"retriesStatusChange":false,"parameters":[],"tags":[]},{"name":"test_get_sum_brand_stock","uid":"d19378b5be197340","parentUid":"2b73d1c4371fcae7ed28e372b073583b","status":"passed","time":{"start":1745314935194,"stop":1745314936022,"duration":828},"flaky":false,"newFailed":false,"newPassed":false,"newBroken":false,"retriesCount":0,"retriesStatusChange":false,"parameters":[],"tags":[]},{"name":"test_drp_order_flow","uid":"ce8d207187366ca0","parentUid":"2b73d1c4371fcae7ed28e372b073583b","status":"passed","time":{"start":1745314932188,"stop":1745314935188,"duration":3000},"flaky":false,"newFailed":false,"newPassed":false,"newBroken":false,"retriesCount":0,"retriesStatusChange":false,"parameters":[],"tags":[]},{"name":"测试 1 + 1","uid":"646f040787d95c23","parentUid":"2b73d1c4371fcae7ed28e372b073583b","status":"passed","time":{"start":1745314927284,"stop":1745314927285,"duration":1},"flaky":false,"newFailed":false,"newPassed":false,"newBroken":false,"retriesCount":0,"retriesStatusChange":false,"parameters":[],"tags":[]}],"uid":"2b73d1c4371fcae7ed28e372b073583b"},{"name":"22932-MainThread","children":[{"name":"测试 1 + 1","uid":"638ca89d9017c856","parentUid":"3ab0e35e710c2f75b20a627d210a379e","status":"passed","time":{"start":1745316617181,"stop":1745316617182,"duration":1},"flaky":false,"newFailed":false,"newPassed":false,"newBroken":false,"retriesCount":0,"retriesStatusChange":false,"parameters":[],"tags":[]},{"name":"test_drp_order_flow","uid":"ead78e4a2354df3b","parentUid":"3ab0e35e710c2f75b20a627d210a379e","status":"passed","time":{"start":1745316623046,"stop":1745316624760,"duration":1714},"flaky":false,"newFailed":false,"newPassed":false,"newBroken":false,"retriesCount":0,"retriesStatusChange":false,"parameters":[],"tags":[]},{"name":"test_drp_order_flow","uid":"4f6b1b14b0b2f54b","parentUid":"3ab0e35e710c2f75b20a627d210a379e","status":"passed","time":{"start":1745316618883,"stop":1745316620776,"duration":1893},"flaky":false,"newFailed":false,"newPassed":false,"newBroken":false,"retriesCount":0,"retriesStatusChange":false,"parameters":[],"tags":[]},{"name":"test_get_sum_brand_stock","uid":"bfb6135dc5220137","parentUid":"3ab0e35e710c2f75b20a627d210a379e","status":"passed","time":{"start":1745316624763,"stop":1745316625833,"duration":1070},"flaky":false,"newFailed":false,"newPassed":false,"newBroken":false,"retriesCount":0,"retriesStatusChange":false,"parameters":[],"tags":[]}],"uid":"3ab0e35e710c2f75b20a627d210a379e"},{"name":"21048-MainThread","children":[{"name":"test_drp_order_flow","uid":"44b25479432abf59","parentUid":"7bbff2bc6bb03d84e2cc40013343216c","status":"passed","time":{"start":1745316673455,"stop":1745316674953,"duration":1498},"flaky":false,"newFailed":false,"newPassed":false,"newBroken":false,"retriesCount":0,"retriesStatusChange":false,"parameters":[],"tags":[]},{"name":"test_get_sum_brand_stock","uid":"ff49268d2c614bab","parentUid":"7bbff2bc6bb03d84e2cc40013343216c","status":"passed","time":{"start":1745316674956,"stop":1745316676080,"duration":1124},"flaky":false,"newFailed":false,"newPassed":false,"newBroken":false,"retriesCount":0,"retriesStatusChange":false,"parameters":[],"tags":[]},{"name":"test_drp_order_flow","uid":"452c5b022750e5c9","parentUid":"7bbff2bc6bb03d84e2cc40013343216c","status":"passed","time":{"start":1745316670204,"stop":1745316672218,"duration":2014},"flaky":false,"newFailed":false,"newPassed":false,"newBroken":false,"retriesCount":0,"retriesStatusChange":false,"parameters":[],"tags":[]},{"name":"测试 1 + 1","uid":"485c4ae2b74bbb03","parentUid":"7bbff2bc6bb03d84e2cc40013343216c","status":"passed","time":{"start":1745316668367,"stop":1745316668367,"duration":0},"flaky":false,"newFailed":false,"newPassed":false,"newBroken":false,"retriesCount":0,"retriesStatusChange":false,"parameters":[],"tags":[]}],"uid":"7bbff2bc6bb03d84e2cc40013343216c"},{"name":"25304-MainThread","children":[{"name":"test_get_sum_brand_stock","uid":"fa5365d431171793","parentUid":"e1b349c744749a50f98e9a869d2e9676","status":"passed","time":{"start":1745316949143,"stop":1745316950981,"duration":1838},"flaky":false,"newFailed":false,"newPassed":false,"newBroken":false,"retriesCount":0,"retriesStatusChange":false,"parameters":[],"tags":[]},{"name":"test_drp_order_flow","uid":"e4b6d71205f22d4f","parentUid":"e1b349c744749a50f98e9a869d2e9676","status":"passed","time":{"start":1745316943670,"stop":1745316945798,"duration":2128},"flaky":false,"newFailed":false,"newPassed":false,"newBroken":false,"retriesCount":0,"retriesStatusChange":false,"parameters":[],"tags":[]},{"name":"test_drp_order_flow","uid":"7d810da1b91d5ea0","parentUid":"e1b349c744749a50f98e9a869d2e9676","status":"passed","time":{"start":1745316947436,"stop":1745316949140,"duration":1704},"flaky":false,"newFailed":false,"newPassed":false,"newBroken":false,"retriesCount":0,"retriesStatusChange":false,"parameters":[],"tags":[]},{"name":"测试 1 + 1","uid":"86d7e1f298092cf8","parentUid":"e1b349c744749a50f98e9a869d2e9676","status":"passed","time":{"start":1745316940508,"stop":1745316940508,"duration":0},"flaky":false,"newFailed":false,"newPassed":false,"newBroken":false,"retriesCount":0,"retriesStatusChange":false,"parameters":[],"tags":[]}],"uid":"e1b349c744749a50f98e9a869d2e9676"},{"name":"27392-MainThread","children":[{"name":"test_drp_order_flow","uid":"75fec1ea701b6a0","parentUid":"5e744e5892b5f9d8d575957df8b46992","status":"passed","time":{"start":1745315323005,"stop":1745315325231,"duration":2226},"flaky":false,"newFailed":false,"newPassed":false,"newBroken":false,"retriesCount":0,"retriesStatusChange":false,"parameters":[],"tags":[]},{"name":"test_drp_order_flow","uid":"a47e7a346d72d8a6","parentUid":"5e744e5892b5f9d8d575957df8b46992","status":"passed","time":{"start":1745315326246,"stop":1745315327906,"duration":1660},"flaky":false,"newFailed":false,"newPassed":false,"newBroken":false,"retriesCount":0,"retriesStatusChange":false,"parameters":[],"tags":[]},{"name":"测试 1 + 1","uid":"870efd138106f65c","parentUid":"5e744e5892b5f9d8d575957df8b46992","status":"passed","time":{"start":1745315321190,"stop":1745315321190,"duration":0},"flaky":false,"newFailed":false,"newPassed":false,"newBroken":false,"retriesCount":0,"retriesStatusChange":false,"parameters":[],"tags":[]},{"name":"test_get_sum_brand_stock","uid":"74c4599c0500c3d9","parentUid":"5e744e5892b5f9d8d575957df8b46992","status":"passed","time":{"start":1745315327910,"stop":1745315329063,"duration":1153},"flaky":false,"newFailed":false,"newPassed":false,"newBroken":false,"retriesCount":0,"retriesStatusChange":false,"parameters":[],"tags":[]}],"uid":"5e744e5892b5f9d8d575957df8b46992"},{"name":"31828-MainThread","children":[{"name":"test_drp_order_flow","uid":"f4901b725bfbf2da","parentUid":"0f80a8f7492ed60cf420c245752850ed","status":"passed","time":{"start":1745482609036,"stop":1745482610495,"duration":1459},"flaky":false,"newFailed":false,"newPassed":false,"newBroken":false,"retriesCount":18,"retriesStatusChange":false,"parameters":[],"tags":[]},{"name":"测试 1 + 1","uid":"90aa9edb1457b90c","parentUid":"0f80a8f7492ed60cf420c245752850ed","status":"passed","time":{"start":1745482607547,"stop":1745482607548,"duration":1},"flaky":false,"newFailed":false,"newPassed":false,"newBroken":false,"retriesCount":16,"retriesStatusChange":false,"parameters":[],"tags":[]},{"name":"test_get_sum_brand_stock","uid":"f1d5b5db523d3388","parentUid":"0f80a8f7492ed60cf420c245752850ed","status":"passed","time":{"start":1745482612349,"stop":1745482613234,"duration":885},"flaky":false,"newFailed":false,"newPassed":false,"newBroken":false,"retriesCount":18,"retriesStatusChange":false,"parameters":[],"tags":[]},{"name":"test_drp_order_flow","uid":"3b14e13a40690fe3","parentUid":"0f80a8f7492ed60cf420c245752850ed","status":"passed","time":{"start":1745482611214,"stop":1745482612346,"duration":1132},"flaky":false,"newFailed":false,"newPassed":false,"newBroken":false,"retriesCount":18,"retriesStatusChange":false,"parameters":[],"tags":[]}],"uid":"0f80a8f7492ed60cf420c245752850ed"},{"name":"25936-MainThread","children":[{"name":"test_get_sum_brand_stock","uid":"745f9798b9b0eedd","parentUid":"d2b612485b0603494485b327085afcfa","status":"passed","time":{"start":1745482149273,"stop":1745482150160,"duration":887},"flaky":false,"newFailed":false,"newPassed":false,"newBroken":false,"retriesCount":0,"retriesStatusChange":false,"parameters":[],"tags":[]},{"name":"test_drp_order_flow","uid":"bbb6c8e0528222b5","parentUid":"d2b612485b0603494485b327085afcfa","status":"passed","time":{"start":1745482148073,"stop":1745482149271,"duration":1198},"flaky":false,"newFailed":false,"newPassed":false,"newBroken":false,"retriesCount":0,"retriesStatusChange":false,"parameters":[],"tags":[]},{"name":"test_drp_order_flow","uid":"878ec53acb9f6a97","parentUid":"d2b612485b0603494485b327085afcfa","status":"passed","time":{"start":1745482145281,"stop":1745482147126,"duration":1845},"flaky":false,"newFailed":false,"newPassed":false,"newBroken":false,"retriesCount":0,"retriesStatusChange":false,"parameters":[],"tags":[]},{"name":"测试 1 + 1","uid":"7804286d824bc515","parentUid":"d2b612485b0603494485b327085afcfa","status":"passed","time":{"start":1745482143810,"stop":1745482143811,"duration":1},"flaky":false,"newFailed":false,"newPassed":false,"newBroken":false,"retriesCount":0,"retriesStatusChange":false,"parameters":[],"tags":[]}],"uid":"d2b612485b0603494485b327085afcfa"},{"name":"24268-MainThread","children":[{"name":"test_get_sum_brand_stock","uid":"3ca353546fa55997","parentUid":"38041bbc2edb062dfb4e12c21c9d7908","status":"passed","time":{"start":1745315657390,"stop":1745315658417,"duration":1027},"flaky":false,"newFailed":false,"newPassed":false,"newBroken":false,"retriesCount":0,"retriesStatusChange":false,"parameters":[],"tags":[]},{"name":"测试 1 + 1","uid":"c9f129e08f047af","parentUid":"38041bbc2edb062dfb4e12c21c9d7908","status":"passed","time":{"start":1745315650702,"stop":1745315650702,"duration":0},"flaky":false,"newFailed":false,"newPassed":false,"newBroken":false,"retriesCount":0,"retriesStatusChange":false,"parameters":[],"tags":[]},{"name":"test_drp_order_flow","uid":"d902d01731883389","parentUid":"38041bbc2edb062dfb4e12c21c9d7908","status":"passed","time":{"start":1745315652994,"stop":1745315654884,"duration":1890},"flaky":false,"newFailed":false,"newPassed":false,"newBroken":false,"retriesCount":0,"retriesStatusChange":false,"parameters":[],"tags":[]},{"name":"test_drp_order_flow","uid":"eea199b7a50cff58","parentUid":"38041bbc2edb062dfb4e12c21c9d7908","status":"passed","time":{"start":1745315655941,"stop":1745315657386,"duration":1445},"flaky":false,"newFailed":false,"newPassed":false,"newBroken":false,"retriesCount":0,"retriesStatusChange":false,"parameters":[],"tags":[]}],"uid":"38041bbc2edb062dfb4e12c21c9d7908"},{"name":"20544-MainThread","children":[{"name":"test_get_sum_brand_stock","uid":"f6ab34eb7aea8e67","parentUid":"7d6d9b475635749a6736c963149b30bb","status":"passed","time":{"start":1745482400131,"stop":1745482401397,"duration":1266},"flaky":false,"newFailed":false,"newPassed":false,"newBroken":false,"retriesCount":0,"retriesStatusChange":false,"parameters":[],"tags":[]},{"name":"test_drp_order_flow","uid":"d31620af4abd81e6","parentUid":"7d6d9b475635749a6736c963149b30bb","status":"passed","time":{"start":1745482398924,"stop":1745482400129,"duration":1205},"flaky":false,"newFailed":false,"newPassed":false,"newBroken":false,"retriesCount":0,"retriesStatusChange":false,"parameters":[],"tags":[]},{"name":"test_drp_order_flow","uid":"2cede98e03f5f70c","parentUid":"7d6d9b475635749a6736c963149b30bb","status":"passed","time":{"start":1745482396454,"stop":1745482398101,"duration":1647},"flaky":false,"newFailed":false,"newPassed":false,"newBroken":false,"retriesCount":0,"retriesStatusChange":false,"parameters":[],"tags":[]},{"name":"测试 1 + 1","uid":"fba2c4f5be465a9d","parentUid":"7d6d9b475635749a6736c963149b30bb","status":"passed","time":{"start":1745482393629,"stop":1745482393629,"duration":0},"flaky":false,"newFailed":false,"newPassed":false,"newBroken":false,"retriesCount":0,"retriesStatusChange":false,"parameters":[],"tags":[]}],"uid":"7d6d9b475635749a6736c963149b30bb"},{"name":"27336-MainThread","children":[{"name":"test_drp_order_flow","uid":"ee282279df3a1e08","parentUid":"3879704e054d6d1ed68313e9f8a36d0a","status":"passed","time":{"start":1745317333601,"stop":1745317335445,"duration":1844},"flaky":false,"newFailed":false,"newPassed":false,"newBroken":false,"retriesCount":0,"retriesStatusChange":false,"parameters":[],"tags":[]},{"name":"test_drp_order_flow","uid":"ab3b2cbc683e5508","parentUid":"3879704e054d6d1ed68313e9f8a36d0a","status":"passed","time":{"start":1745317329783,"stop":1745317332739,"duration":2956},"flaky":false,"newFailed":false,"newPassed":false,"newBroken":false,"retriesCount":0,"retriesStatusChange":false,"parameters":[],"tags":[]},{"name":"test_get_sum_brand_stock","uid":"a45eec3bb5c4a2c6","parentUid":"3879704e054d6d1ed68313e9f8a36d0a","status":"passed","time":{"start":1745317335449,"stop":1745317336554,"duration":1105},"flaky":false,"newFailed":false,"newPassed":false,"newBroken":false,"retriesCount":0,"retriesStatusChange":false,"parameters":[],"tags":[]},{"name":"测试 1 + 1","uid":"89396a1e4a5a5826","parentUid":"3879704e054d6d1ed68313e9f8a36d0a","status":"passed","time":{"start":1745317328132,"stop":1745317328132,"duration":0},"flaky":false,"newFailed":false,"newPassed":false,"newBroken":false,"retriesCount":0,"retriesStatusChange":false,"parameters":[],"tags":[]}],"uid":"3879704e054d6d1ed68313e9f8a36d0a"},{"name":"24456-MainThread","children":[{"name":"test_get_sum_brand_stock","uid":"594ab1bc368aeeeb","parentUid":"f0f6337fdaf36066e84f9479b4960899","status":"passed","time":{"start":1745314543743,"stop":1745314545060,"duration":1317},"flaky":false,"newFailed":false,"newPassed":false,"newBroken":false,"retriesCount":0,"retriesStatusChange":false,"parameters":[],"tags":[]},{"name":"test_drp_order_flow","uid":"9f4945716afe7ffb","parentUid":"f0f6337fdaf36066e84f9479b4960899","status":"passed","time":{"start":1745314537682,"stop":1745314539943,"duration":2261},"flaky":false,"newFailed":false,"newPassed":false,"newBroken":false,"retriesCount":0,"retriesStatusChange":false,"parameters":[],"tags":[]},{"name":"test_drp_order_flow","uid":"744687c12c251c7d","parentUid":"f0f6337fdaf36066e84f9479b4960899","status":"passed","time":{"start":1745314540929,"stop":1745314543740,"duration":2811},"flaky":false,"newFailed":false,"newPassed":false,"newBroken":false,"retriesCount":0,"retriesStatusChange":false,"parameters":[],"tags":[]}],"uid":"f0f6337fdaf36066e84f9479b4960899"},{"name":"25296-MainThread","children":[{"name":"test_drp_order_flow","uid":"856366c11e220d6e","parentUid":"7a4c1e53fbabbd008856d9ba0e2d6a6d","status":"passed","time":{"start":1745314702716,"stop":1745314704294,"duration":1578},"flaky":false,"newFailed":false,"newPassed":false,"newBroken":false,"retriesCount":0,"retriesStatusChange":false,"parameters":[],"tags":[]},{"name":"test_drp_order_flow","uid":"d60b558a89198197","parentUid":"7a4c1e53fbabbd008856d9ba0e2d6a6d","status":"passed","time":{"start":1745314698267,"stop":1745314700501,"duration":2234},"flaky":false,"newFailed":false,"newPassed":false,"newBroken":false,"retriesCount":0,"retriesStatusChange":false,"parameters":[],"tags":[]},{"name":"test_get_sum_brand_stock","uid":"1d21b82bf8f08527","parentUid":"7a4c1e53fbabbd008856d9ba0e2d6a6d","status":"passed","time":{"start":1745314704300,"stop":1745314705515,"duration":1215},"flaky":false,"newFailed":false,"newPassed":false,"newBroken":false,"retriesCount":0,"retriesStatusChange":false,"parameters":[],"tags":[]}],"uid":"7a4c1e53fbabbd008856d9ba0e2d6a6d"},{"name":"14060-MainThread","children":[{"name":"test_drp_order_flow","uid":"a88421d1a12a5aa0","parentUid":"7b2f3c04d8df5fffa96d3ecc7ae87437","status":"passed","time":{"start":1745481937334,"stop":1745481938511,"duration":1177},"flaky":false,"newFailed":false,"newPassed":false,"newBroken":false,"retriesCount":0,"retriesStatusChange":false,"parameters":[],"tags":[]},{"name":"test_get_sum_brand_stock","uid":"fd6fde337038fe2a","parentUid":"7b2f3c04d8df5fffa96d3ecc7ae87437","status":"passed","time":{"start":1745481938515,"stop":1745481939388,"duration":873},"flaky":false,"newFailed":false,"newPassed":false,"newBroken":false,"retriesCount":0,"retriesStatusChange":false,"parameters":[],"tags":[]},{"name":"测试 1 + 1","uid":"304c5fb2da80db15","parentUid":"7b2f3c04d8df5fffa96d3ecc7ae87437","status":"passed","time":{"start":1745481932410,"stop":1745481932410,"duration":0},"flaky":false,"newFailed":false,"newPassed":false,"newBroken":false,"retriesCount":0,"retriesStatusChange":false,"parameters":[],"tags":[]},{"name":"test_drp_order_flow","uid":"1359cb8984f2f533","parentUid":"7b2f3c04d8df5fffa96d3ecc7ae87437","status":"passed","time":{"start":1745481934259,"stop":1745481936347,"duration":2088},"flaky":false,"newFailed":false,"newPassed":false,"newBroken":false,"retriesCount":0,"retriesStatusChange":false,"parameters":[],"tags":[]}],"uid":"7b2f3c04d8df5fffa96d3ecc7ae87437"},{"name":"4328-MainThread","children":[{"name":"test_drp_order_flow","uid":"33de58ebb0d7ee6b","parentUid":"934f69b646cd78e661905e7f6b4d8597","status":"passed","time":{"start":1745315214227,"stop":1745315215953,"duration":1726},"flaky":false,"newFailed":false,"newPassed":false,"newBroken":false,"retriesCount":0,"retriesStatusChange":false,"parameters":[],"tags":[]},{"name":"test_drp_order_flow","uid":"4208314c1a632112","parentUid":"934f69b646cd78e661905e7f6b4d8597","status":"passed","time":{"start":1745315210237,"stop":1745315213413,"duration":3176},"flaky":false,"newFailed":false,"newPassed":false,"newBroken":false,"retriesCount":0,"retriesStatusChange":false,"parameters":[],"tags":[]},{"name":"测试 1 + 1","uid":"6b7a1b47d951de20","parentUid":"934f69b646cd78e661905e7f6b4d8597","status":"passed","time":{"start":1745315208831,"stop":1745315208832,"duration":1},"flaky":false,"newFailed":false,"newPassed":false,"newBroken":false,"retriesCount":0,"retriesStatusChange":false,"parameters":[],"tags":[]},{"name":"test_get_sum_brand_stock","uid":"da02a62a34b0285c","parentUid":"934f69b646cd78e661905e7f6b4d8597","status":"passed","time":{"start":1745315215957,"stop":1745315217193,"duration":1236},"flaky":false,"newFailed":false,"newPassed":false,"newBroken":false,"retriesCount":0,"retriesStatusChange":false,"parameters":[],"tags":[]}],"uid":"934f69b646cd78e661905e7f6b4d8597"},{"name":"29520-MainThread","children":[{"name":"test_drp_order_flow","uid":"19941d57bad10b8b","parentUid":"5ce81069a029370eaf27f02c783f6902","status":"passed","time":{"start":1745482321727,"stop":1745482323176,"duration":1449},"flaky":false,"newFailed":false,"newPassed":false,"newBroken":false,"retriesCount":0,"retriesStatusChange":false,"parameters":[],"tags":[]},{"name":"test_get_sum_brand_stock","uid":"ca29ae4e2e2ee6fd","parentUid":"5ce81069a029370eaf27f02c783f6902","status":"passed","time":{"start":1745482325795,"stop":1745482326857,"duration":1062},"flaky":false,"newFailed":false,"newPassed":false,"newBroken":false,"retriesCount":0,"retriesStatusChange":false,"parameters":[],"tags":[]},{"name":"测试 1 + 1","uid":"761ad5ba357d4cfd","parentUid":"5ce81069a029370eaf27f02c783f6902","status":"passed","time":{"start":1745482320008,"stop":1745482320008,"duration":0},"flaky":false,"newFailed":false,"newPassed":false,"newBroken":false,"retriesCount":0,"retriesStatusChange":false,"parameters":[],"tags":[]},{"name":"test_drp_order_flow","uid":"3d45766507c2ac00","parentUid":"5ce81069a029370eaf27f02c783f6902","status":"passed","time":{"start":1745482323930,"stop":1745482325792,"duration":1862},"flaky":false,"newFailed":false,"newPassed":false,"newBroken":false,"retriesCount":0,"retriesStatusChange":false,"parameters":[],"tags":[]}],"uid":"5ce81069a029370eaf27f02c783f6902"}],"uid":"bc3b839477df156e8ff4014219f6fa1c"}]}