{"uid":"ab17fc5a4eb3bca4b216b548c7f9fcbc","name":"timeline","children":[{"name":"mmmzy","children":[{"name":"23892-MainThread","children":[{"name":"测试 1 + 1","uid":"c1c529235644bcb","parentUid":"b8febd295fb099b164697fac55b0a53e","status":"passed","time":{"start":1745316891461,"stop":1745316891462,"duration":1},"flaky":false,"newFailed":false,"newPassed":false,"newBroken":false,"retriesCount":0,"retriesStatusChange":false,"parameters":[],"tags":[]},{"name":"test_drp_order_flow","uid":"b0b59eec21257fbe","parentUid":"b8febd295fb099b164697fac55b0a53e","status":"passed","time":{"start":1745316897232,"stop":1745316898841,"duration":1609},"flaky":false,"newFailed":false,"newPassed":false,"newBroken":false,"retriesCount":0,"retriesStatusChange":false,"parameters":[],"tags":[]},{"name":"test_get_sum_brand_stock","uid":"e378aaaee9b5ed74","parentUid":"b8febd295fb099b164697fac55b0a53e","status":"passed","time":{"start":1745316898844,"stop":1745316900356,"duration":1512},"flaky":false,"newFailed":false,"newPassed":false,"newBroken":false,"retriesCount":0,"retriesStatusChange":false,"parameters":[],"tags":[]},{"name":"test_drp_order_flow","uid":"637d9bc36f97407d","parentUid":"b8febd295fb099b164697fac55b0a53e","status":"passed","time":{"start":1745316893926,"stop":1745316895861,"duration":1935},"flaky":false,"newFailed":false,"newPassed":false,"newBroken":false,"retriesCount":0,"retriesStatusChange":false,"parameters":[],"tags":[]}],"uid":"b8febd295fb099b164697fac55b0a53e"},{"name":"21524-MainThread","children":[{"name":"test_drp_order_flow","uid":"dc9476497179a10c","parentUid":"05a02104503742a6f662154d4dcf35f2","status":"passed","time":{"start":1745316759014,"stop":1745316760508,"duration":1494},"flaky":false,"newFailed":false,"newPassed":false,"newBroken":false,"retriesCount":0,"retriesStatusChange":false,"parameters":[],"tags":[]},{"name":"测试 1 + 1","uid":"93c285aa8e48b918","parentUid":"05a02104503742a6f662154d4dcf35f2","status":"passed","time":{"start":1745316754729,"stop":1745316754731,"duration":2},"flaky":false,"newFailed":false,"newPassed":false,"newBroken":false,"retriesCount":0,"retriesStatusChange":false,"parameters":[],"tags":[]},{"name":"test_drp_order_flow","uid":"ab5a3c5cb741708","parentUid":"05a02104503742a6f662154d4dcf35f2","status":"passed","time":{"start":1745316756236,"stop":1745316758208,"duration":1972},"flaky":false,"newFailed":false,"newPassed":false,"newBroken":false,"retriesCount":0,"retriesStatusChange":false,"parameters":[],"tags":[]},{"name":"test_get_sum_brand_stock","uid":"92d09f8500c1e3da","parentUid":"05a02104503742a6f662154d4dcf35f2","status":"passed","time":{"start":1745316760511,"stop":1745316762770,"duration":2259},"flaky":false,"newFailed":false,"newPassed":false,"newBroken":false,"retriesCount":0,"retriesStatusChange":false,"parameters":[],"tags":[]}],"uid":"05a02104503742a6f662154d4dcf35f2"},{"name":"25936-MainThread","children":[{"name":"test_get_sum_brand_stock","uid":"af8ae3e7f365a2ef","parentUid":"d2b612485b0603494485b327085afcfa","status":"passed","time":{"start":1745482149273,"stop":1745482150160,"duration":887},"flaky":false,"newFailed":false,"newPassed":false,"newBroken":false,"retriesCount":15,"retriesStatusChange":false,"parameters":[],"tags":[]},{"name":"test_drp_order_flow","uid":"ea308fa2aa2f9552","parentUid":"d2b612485b0603494485b327085afcfa","status":"passed","time":{"start":1745482145281,"stop":1745482147126,"duration":1845},"flaky":false,"newFailed":false,"newPassed":false,"newBroken":false,"retriesCount":15,"retriesStatusChange":false,"parameters":[],"tags":[]},{"name":"测试 1 + 1","uid":"e5113ace4d829ee4","parentUid":"d2b612485b0603494485b327085afcfa","status":"passed","time":{"start":1745482143810,"stop":1745482143811,"duration":1},"flaky":false,"newFailed":false,"newPassed":false,"newBroken":false,"retriesCount":13,"retriesStatusChange":false,"parameters":[],"tags":[]},{"name":"test_drp_order_flow","uid":"76a3caa5006a3473","parentUid":"d2b612485b0603494485b327085afcfa","status":"passed","time":{"start":1745482148073,"stop":1745482149271,"duration":1198},"flaky":false,"newFailed":false,"newPassed":false,"newBroken":false,"retriesCount":15,"retriesStatusChange":false,"parameters":[],"tags":[]}],"uid":"d2b612485b0603494485b327085afcfa"},{"name":"27392-MainThread","children":[{"name":"test_drp_order_flow","uid":"4b510f1a6f4f56e8","parentUid":"5e744e5892b5f9d8d575957df8b46992","status":"passed","time":{"start":1745315326246,"stop":1745315327906,"duration":1660},"flaky":false,"newFailed":false,"newPassed":false,"newBroken":false,"retriesCount":0,"retriesStatusChange":false,"parameters":[],"tags":[]},{"name":"test_get_sum_brand_stock","uid":"eb714aa050967c41","parentUid":"5e744e5892b5f9d8d575957df8b46992","status":"passed","time":{"start":1745315327910,"stop":1745315329063,"duration":1153},"flaky":false,"newFailed":false,"newPassed":false,"newBroken":false,"retriesCount":0,"retriesStatusChange":false,"parameters":[],"tags":[]},{"name":"测试 1 + 1","uid":"384b3c6d4c88a237","parentUid":"5e744e5892b5f9d8d575957df8b46992","status":"passed","time":{"start":1745315321190,"stop":1745315321190,"duration":0},"flaky":false,"newFailed":false,"newPassed":false,"newBroken":false,"retriesCount":0,"retriesStatusChange":false,"parameters":[],"tags":[]},{"name":"test_drp_order_flow","uid":"d732a78372157485","parentUid":"5e744e5892b5f9d8d575957df8b46992","status":"passed","time":{"start":1745315323005,"stop":1745315325231,"duration":2226},"flaky":false,"newFailed":false,"newPassed":false,"newBroken":false,"retriesCount":0,"retriesStatusChange":false,"parameters":[],"tags":[]}],"uid":"5e744e5892b5f9d8d575957df8b46992"},{"name":"19148-MainThread","children":[{"name":"test_get_sum_brand_stock","uid":"906662cd5e9dd91","parentUid":"81071d249b139e673813ae2538244d12","status":"passed","time":{"start":1745316527299,"stop":1745316528523,"duration":1224},"flaky":false,"newFailed":false,"newPassed":false,"newBroken":false,"retriesCount":0,"retriesStatusChange":false,"parameters":[],"tags":[]},{"name":"test_drp_order_flow","uid":"126bc4c6b5a7f20a","parentUid":"81071d249b139e673813ae2538244d12","status":"passed","time":{"start":1745316525704,"stop":1745316527296,"duration":1592},"flaky":false,"newFailed":false,"newPassed":false,"newBroken":false,"retriesCount":0,"retriesStatusChange":false,"parameters":[],"tags":[]},{"name":"测试 1 + 1","uid":"4e050b8bf6ce9b72","parentUid":"81071d249b139e673813ae2538244d12","status":"passed","time":{"start":1745316519877,"stop":1745316519879,"duration":2},"flaky":false,"newFailed":false,"newPassed":false,"newBroken":false,"retriesCount":0,"retriesStatusChange":false,"parameters":[],"tags":[]},{"name":"test_drp_order_flow","uid":"32838c5477eedf0","parentUid":"81071d249b139e673813ae2538244d12","status":"passed","time":{"start":1745316522805,"stop":1745316524887,"duration":2082},"flaky":false,"newFailed":false,"newPassed":false,"newBroken":false,"retriesCount":0,"retriesStatusChange":false,"parameters":[],"tags":[]}],"uid":"81071d249b139e673813ae2538244d12"},{"name":"27336-MainThread","children":[{"name":"test_drp_order_flow","uid":"bbbc7c7f70076743","parentUid":"3879704e054d6d1ed68313e9f8a36d0a","status":"passed","time":{"start":1745317333601,"stop":1745317335445,"duration":1844},"flaky":false,"newFailed":false,"newPassed":false,"newBroken":false,"retriesCount":0,"retriesStatusChange":false,"parameters":[],"tags":[]},{"name":"测试 1 + 1","uid":"c32507e0ad871e8e","parentUid":"3879704e054d6d1ed68313e9f8a36d0a","status":"passed","time":{"start":1745317328132,"stop":1745317328132,"duration":0},"flaky":false,"newFailed":false,"newPassed":false,"newBroken":false,"retriesCount":0,"retriesStatusChange":false,"parameters":[],"tags":[]},{"name":"test_drp_order_flow","uid":"ef779f72a5a570a4","parentUid":"3879704e054d6d1ed68313e9f8a36d0a","status":"passed","time":{"start":1745317329783,"stop":1745317332739,"duration":2956},"flaky":false,"newFailed":false,"newPassed":false,"newBroken":false,"retriesCount":0,"retriesStatusChange":false,"parameters":[],"tags":[]},{"name":"test_get_sum_brand_stock","uid":"e04ef75d33c743a4","parentUid":"3879704e054d6d1ed68313e9f8a36d0a","status":"passed","time":{"start":1745317335449,"stop":1745317336554,"duration":1105},"flaky":false,"newFailed":false,"newPassed":false,"newBroken":false,"retriesCount":0,"retriesStatusChange":false,"parameters":[],"tags":[]}],"uid":"3879704e054d6d1ed68313e9f8a36d0a"},{"name":"21048-MainThread","children":[{"name":"测试 1 + 1","uid":"eb2b5ec6fc24272d","parentUid":"7bbff2bc6bb03d84e2cc40013343216c","status":"passed","time":{"start":1745316668367,"stop":1745316668367,"duration":0},"flaky":false,"newFailed":false,"newPassed":false,"newBroken":false,"retriesCount":0,"retriesStatusChange":false,"parameters":[],"tags":[]},{"name":"test_drp_order_flow","uid":"bb4f0669e7915b","parentUid":"7bbff2bc6bb03d84e2cc40013343216c","status":"passed","time":{"start":1745316670204,"stop":1745316672218,"duration":2014},"flaky":false,"newFailed":false,"newPassed":false,"newBroken":false,"retriesCount":0,"retriesStatusChange":false,"parameters":[],"tags":[]},{"name":"test_drp_order_flow","uid":"73fe83ba4464cff4","parentUid":"7bbff2bc6bb03d84e2cc40013343216c","status":"passed","time":{"start":1745316673455,"stop":1745316674953,"duration":1498},"flaky":false,"newFailed":false,"newPassed":false,"newBroken":false,"retriesCount":0,"retriesStatusChange":false,"parameters":[],"tags":[]},{"name":"test_get_sum_brand_stock","uid":"e22aa5c2e0a95ad9","parentUid":"7bbff2bc6bb03d84e2cc40013343216c","status":"passed","time":{"start":1745316674956,"stop":1745316676080,"duration":1124},"flaky":false,"newFailed":false,"newPassed":false,"newBroken":false,"retriesCount":0,"retriesStatusChange":false,"parameters":[],"tags":[]}],"uid":"7bbff2bc6bb03d84e2cc40013343216c"},{"name":"13800-MainThread","children":[{"name":"test_get_sum_brand_stock","uid":"cef2daf22bbea831","parentUid":"2b73d1c4371fcae7ed28e372b073583b","status":"passed","time":{"start":1745314935194,"stop":1745314936022,"duration":828},"flaky":false,"newFailed":false,"newPassed":false,"newBroken":false,"retriesCount":0,"retriesStatusChange":false,"parameters":[],"tags":[]},{"name":"test_drp_order_flow","uid":"e2d9e2d3c849ce3d","parentUid":"2b73d1c4371fcae7ed28e372b073583b","status":"passed","time":{"start":1745314932188,"stop":1745314935188,"duration":3000},"flaky":false,"newFailed":false,"newPassed":false,"newBroken":false,"retriesCount":0,"retriesStatusChange":false,"parameters":[],"tags":[]},{"name":"test_drp_order_flow","uid":"9711348d99c18d70","parentUid":"2b73d1c4371fcae7ed28e372b073583b","status":"passed","time":{"start":1745314929035,"stop":1745314931422,"duration":2387},"flaky":false,"newFailed":false,"newPassed":false,"newBroken":false,"retriesCount":0,"retriesStatusChange":false,"parameters":[],"tags":[]},{"name":"测试 1 + 1","uid":"4d795886bc1a10c9","parentUid":"2b73d1c4371fcae7ed28e372b073583b","status":"passed","time":{"start":1745314927284,"stop":1745314927285,"duration":1},"flaky":false,"newFailed":false,"newPassed":false,"newBroken":false,"retriesCount":0,"retriesStatusChange":false,"parameters":[],"tags":[]}],"uid":"2b73d1c4371fcae7ed28e372b073583b"},{"name":"14060-MainThread","children":[{"name":"测试 1 + 1","uid":"134731df8c8ba6e0","parentUid":"7b2f3c04d8df5fffa96d3ecc7ae87437","status":"passed","time":{"start":1745481932410,"stop":1745481932410,"duration":0},"flaky":false,"newFailed":false,"newPassed":false,"newBroken":false,"retriesCount":0,"retriesStatusChange":false,"parameters":[],"tags":[]},{"name":"test_drp_order_flow","uid":"1639a670e799ea63","parentUid":"7b2f3c04d8df5fffa96d3ecc7ae87437","status":"passed","time":{"start":1745481934259,"stop":1745481936347,"duration":2088},"flaky":false,"newFailed":false,"newPassed":false,"newBroken":false,"retriesCount":0,"retriesStatusChange":false,"parameters":[],"tags":[]},{"name":"test_get_sum_brand_stock","uid":"e7cb5479e7ef54f6","parentUid":"7b2f3c04d8df5fffa96d3ecc7ae87437","status":"passed","time":{"start":1745481938515,"stop":1745481939388,"duration":873},"flaky":false,"newFailed":false,"newPassed":false,"newBroken":false,"retriesCount":0,"retriesStatusChange":false,"parameters":[],"tags":[]},{"name":"test_drp_order_flow","uid":"d2209e5e09f48bbf","parentUid":"7b2f3c04d8df5fffa96d3ecc7ae87437","status":"passed","time":{"start":1745481937334,"stop":1745481938511,"duration":1177},"flaky":false,"newFailed":false,"newPassed":false,"newBroken":false,"retriesCount":0,"retriesStatusChange":false,"parameters":[],"tags":[]}],"uid":"7b2f3c04d8df5fffa96d3ecc7ae87437"},{"name":"4328-MainThread","children":[{"name":"test_get_sum_brand_stock","uid":"b0a318b7b2b70888","parentUid":"934f69b646cd78e661905e7f6b4d8597","status":"passed","time":{"start":1745315215957,"stop":1745315217193,"duration":1236},"flaky":false,"newFailed":false,"newPassed":false,"newBroken":false,"retriesCount":0,"retriesStatusChange":false,"parameters":[],"tags":[]},{"name":"测试 1 + 1","uid":"1666ebb024fe2ff9","parentUid":"934f69b646cd78e661905e7f6b4d8597","status":"passed","time":{"start":1745315208831,"stop":1745315208832,"duration":1},"flaky":false,"newFailed":false,"newPassed":false,"newBroken":false,"retriesCount":0,"retriesStatusChange":false,"parameters":[],"tags":[]},{"name":"test_drp_order_flow","uid":"954c188593b65135","parentUid":"934f69b646cd78e661905e7f6b4d8597","status":"passed","time":{"start":1745315214227,"stop":1745315215953,"duration":1726},"flaky":false,"newFailed":false,"newPassed":false,"newBroken":false,"retriesCount":0,"retriesStatusChange":false,"parameters":[],"tags":[]},{"name":"test_drp_order_flow","uid":"99bd9b06352759bb","parentUid":"934f69b646cd78e661905e7f6b4d8597","status":"passed","time":{"start":1745315210237,"stop":1745315213413,"duration":3176},"flaky":false,"newFailed":false,"newPassed":false,"newBroken":false,"retriesCount":0,"retriesStatusChange":false,"parameters":[],"tags":[]}],"uid":"934f69b646cd78e661905e7f6b4d8597"},{"name":"25304-MainThread","children":[{"name":"test_get_sum_brand_stock","uid":"ee3153ac20bd4b41","parentUid":"e1b349c744749a50f98e9a869d2e9676","status":"passed","time":{"start":1745316949143,"stop":1745316950981,"duration":1838},"flaky":false,"newFailed":false,"newPassed":false,"newBroken":false,"retriesCount":0,"retriesStatusChange":false,"parameters":[],"tags":[]},{"name":"test_drp_order_flow","uid":"a35485750a0bc808","parentUid":"e1b349c744749a50f98e9a869d2e9676","status":"passed","time":{"start":1745316943670,"stop":1745316945798,"duration":2128},"flaky":false,"newFailed":false,"newPassed":false,"newBroken":false,"retriesCount":0,"retriesStatusChange":false,"parameters":[],"tags":[]},{"name":"test_drp_order_flow","uid":"29029c16b6fc8f59","parentUid":"e1b349c744749a50f98e9a869d2e9676","status":"passed","time":{"start":1745316947436,"stop":1745316949140,"duration":1704},"flaky":false,"newFailed":false,"newPassed":false,"newBroken":false,"retriesCount":0,"retriesStatusChange":false,"parameters":[],"tags":[]},{"name":"测试 1 + 1","uid":"9ddec1c6ca4e886b","parentUid":"e1b349c744749a50f98e9a869d2e9676","status":"passed","time":{"start":1745316940508,"stop":1745316940508,"duration":0},"flaky":false,"newFailed":false,"newPassed":false,"newBroken":false,"retriesCount":0,"retriesStatusChange":false,"parameters":[],"tags":[]}],"uid":"e1b349c744749a50f98e9a869d2e9676"},{"name":"24456-MainThread","children":[{"name":"test_drp_order_flow","uid":"853dea73bca0f9af","parentUid":"f0f6337fdaf36066e84f9479b4960899","status":"passed","time":{"start":1745314537682,"stop":1745314539943,"duration":2261},"flaky":false,"newFailed":false,"newPassed":false,"newBroken":false,"retriesCount":0,"retriesStatusChange":false,"parameters":[],"tags":[]},{"name":"test_drp_order_flow","uid":"2389c009a82879b1","parentUid":"f0f6337fdaf36066e84f9479b4960899","status":"passed","time":{"start":1745314540929,"stop":1745314543740,"duration":2811},"flaky":false,"newFailed":false,"newPassed":false,"newBroken":false,"retriesCount":0,"retriesStatusChange":false,"parameters":[],"tags":[]},{"name":"test_get_sum_brand_stock","uid":"7a37f17d2967257f","parentUid":"f0f6337fdaf36066e84f9479b4960899","status":"passed","time":{"start":1745314543743,"stop":1745314545060,"duration":1317},"flaky":false,"newFailed":false,"newPassed":false,"newBroken":false,"retriesCount":0,"retriesStatusChange":false,"parameters":[],"tags":[]}],"uid":"f0f6337fdaf36066e84f9479b4960899"},{"name":"22932-MainThread","children":[{"name":"测试 1 + 1","uid":"3fe4f3a087371016","parentUid":"3ab0e35e710c2f75b20a627d210a379e","status":"passed","time":{"start":1745316617181,"stop":1745316617182,"duration":1},"flaky":false,"newFailed":false,"newPassed":false,"newBroken":false,"retriesCount":0,"retriesStatusChange":false,"parameters":[],"tags":[]},{"name":"test_get_sum_brand_stock","uid":"5963f1d462e8e75","parentUid":"3ab0e35e710c2f75b20a627d210a379e","status":"passed","time":{"start":1745316624763,"stop":1745316625833,"duration":1070},"flaky":false,"newFailed":false,"newPassed":false,"newBroken":false,"retriesCount":0,"retriesStatusChange":false,"parameters":[],"tags":[]},{"name":"test_drp_order_flow","uid":"20d44cb508ce1480","parentUid":"3ab0e35e710c2f75b20a627d210a379e","status":"passed","time":{"start":1745316618883,"stop":1745316620776,"duration":1893},"flaky":false,"newFailed":false,"newPassed":false,"newBroken":false,"retriesCount":0,"retriesStatusChange":false,"parameters":[],"tags":[]},{"name":"test_drp_order_flow","uid":"4ef545eeed4986c7","parentUid":"3ab0e35e710c2f75b20a627d210a379e","status":"passed","time":{"start":1745316623046,"stop":1745316624760,"duration":1714},"flaky":false,"newFailed":false,"newPassed":false,"newBroken":false,"retriesCount":0,"retriesStatusChange":false,"parameters":[],"tags":[]}],"uid":"3ab0e35e710c2f75b20a627d210a379e"},{"name":"25876-MainThread","children":[{"name":"test_drp_order_flow","uid":"6770c7dbffab16c3","parentUid":"38188a7a31a7044f8935b6d4b9b6675a","status":"passed","time":{"start":1745462662960,"stop":1745462664179,"duration":1219},"flaky":false,"newFailed":false,"newPassed":false,"newBroken":false,"retriesCount":0,"retriesStatusChange":false,"parameters":[],"tags":[]},{"name":"test_drp_order_flow","uid":"77678b370ac9e1cb","parentUid":"38188a7a31a7044f8935b6d4b9b6675a","status":"passed","time":{"start":1745462660488,"stop":1745462662219,"duration":1731},"flaky":false,"newFailed":false,"newPassed":false,"newBroken":false,"retriesCount":0,"retriesStatusChange":false,"parameters":[],"tags":[]},{"name":"测试 1 + 1","uid":"1e1cbd914cbf8a63","parentUid":"38188a7a31a7044f8935b6d4b9b6675a","status":"passed","time":{"start":1745462658033,"stop":1745462658033,"duration":0},"flaky":false,"newFailed":false,"newPassed":false,"newBroken":false,"retriesCount":0,"retriesStatusChange":false,"parameters":[],"tags":[]},{"name":"test_get_sum_brand_stock","uid":"30fe1c0c1753284c","parentUid":"38188a7a31a7044f8935b6d4b9b6675a","status":"passed","time":{"start":1745462664183,"stop":1745462665125,"duration":942},"flaky":false,"newFailed":false,"newPassed":false,"newBroken":false,"retriesCount":0,"retriesStatusChange":false,"parameters":[],"tags":[]}],"uid":"38188a7a31a7044f8935b6d4b9b6675a"},{"name":"24268-MainThread","children":[{"name":"test_get_sum_brand_stock","uid":"37259eee3df63ca0","parentUid":"38041bbc2edb062dfb4e12c21c9d7908","status":"passed","time":{"start":1745315657390,"stop":1745315658417,"duration":1027},"flaky":false,"newFailed":false,"newPassed":false,"newBroken":false,"retriesCount":0,"retriesStatusChange":false,"parameters":[],"tags":[]},{"name":"测试 1 + 1","uid":"936be823c99b5b6c","parentUid":"38041bbc2edb062dfb4e12c21c9d7908","status":"passed","time":{"start":1745315650702,"stop":1745315650702,"duration":0},"flaky":false,"newFailed":false,"newPassed":false,"newBroken":false,"retriesCount":0,"retriesStatusChange":false,"parameters":[],"tags":[]},{"name":"test_drp_order_flow","uid":"aef22009da7e8f04","parentUid":"38041bbc2edb062dfb4e12c21c9d7908","status":"passed","time":{"start":1745315655941,"stop":1745315657386,"duration":1445},"flaky":false,"newFailed":false,"newPassed":false,"newBroken":false,"retriesCount":0,"retriesStatusChange":false,"parameters":[],"tags":[]},{"name":"test_drp_order_flow","uid":"ed861519fc43c9d7","parentUid":"38041bbc2edb062dfb4e12c21c9d7908","status":"passed","time":{"start":1745315652994,"stop":1745315654884,"duration":1890},"flaky":false,"newFailed":false,"newPassed":false,"newBroken":false,"retriesCount":0,"retriesStatusChange":false,"parameters":[],"tags":[]}],"uid":"38041bbc2edb062dfb4e12c21c9d7908"},{"name":"25296-MainThread","children":[{"name":"test_drp_order_flow","uid":"f0e5deb12e75fd3f","parentUid":"7a4c1e53fbabbd008856d9ba0e2d6a6d","status":"passed","time":{"start":1745314702716,"stop":1745314704294,"duration":1578},"flaky":false,"newFailed":false,"newPassed":false,"newBroken":false,"retriesCount":0,"retriesStatusChange":false,"parameters":[],"tags":[]},{"name":"test_drp_order_flow","uid":"6fa851c9aa9008f1","parentUid":"7a4c1e53fbabbd008856d9ba0e2d6a6d","status":"passed","time":{"start":1745314698267,"stop":1745314700501,"duration":2234},"flaky":false,"newFailed":false,"newPassed":false,"newBroken":false,"retriesCount":0,"retriesStatusChange":false,"parameters":[],"tags":[]},{"name":"test_get_sum_brand_stock","uid":"17963f5b7e75ac22","parentUid":"7a4c1e53fbabbd008856d9ba0e2d6a6d","status":"passed","time":{"start":1745314704300,"stop":1745314705515,"duration":1215},"flaky":false,"newFailed":false,"newPassed":false,"newBroken":false,"retriesCount":0,"retriesStatusChange":false,"parameters":[],"tags":[]}],"uid":"7a4c1e53fbabbd008856d9ba0e2d6a6d"}],"uid":"bc3b839477df156e8ff4014219f6fa1c"}]}