{"uid":"ab17fc5a4eb3bca4b216b548c7f9fcbc","name":"timeline","children":[{"name":"mmmzy","children":[{"name":"25296-MainThread","children":[{"name":"test_drp_order_flow","uid":"a6ba36c7265f2430","parentUid":"7a4c1e53fbabbd008856d9ba0e2d6a6d","status":"passed","time":{"start":1745314698267,"stop":1745314700501,"duration":2234},"flaky":false,"newFailed":false,"newPassed":false,"newBroken":false,"retriesCount":0,"retriesStatusChange":false,"parameters":[],"tags":[]},{"name":"test_get_sum_brand_stock","uid":"33fe2075eef297ce","parentUid":"7a4c1e53fbabbd008856d9ba0e2d6a6d","status":"passed","time":{"start":1745314704300,"stop":1745314705515,"duration":1215},"flaky":false,"newFailed":false,"newPassed":false,"newBroken":false,"retriesCount":0,"retriesStatusChange":false,"parameters":[],"tags":[]},{"name":"test_drp_order_flow","uid":"210e59e6bc95de15","parentUid":"7a4c1e53fbabbd008856d9ba0e2d6a6d","status":"passed","time":{"start":1745314702716,"stop":1745314704294,"duration":1578},"flaky":false,"newFailed":false,"newPassed":false,"newBroken":false,"retriesCount":0,"retriesStatusChange":false,"parameters":[],"tags":[]}],"uid":"7a4c1e53fbabbd008856d9ba0e2d6a6d"},{"name":"24456-MainThread","children":[{"name":"test_get_sum_brand_stock","uid":"bdda29436e8c1f45","parentUid":"f0f6337fdaf36066e84f9479b4960899","status":"passed","time":{"start":1745314543743,"stop":1745314545060,"duration":1317},"flaky":false,"newFailed":false,"newPassed":false,"newBroken":false,"retriesCount":0,"retriesStatusChange":false,"parameters":[],"tags":[]},{"name":"test_drp_order_flow","uid":"be5546cff7b23404","parentUid":"f0f6337fdaf36066e84f9479b4960899","status":"passed","time":{"start":1745314537682,"stop":1745314539943,"duration":2261},"flaky":false,"newFailed":false,"newPassed":false,"newBroken":false,"retriesCount":0,"retriesStatusChange":false,"parameters":[],"tags":[]},{"name":"test_drp_order_flow","uid":"1a48749447ef87eb","parentUid":"f0f6337fdaf36066e84f9479b4960899","status":"passed","time":{"start":1745314540929,"stop":1745314543740,"duration":2811},"flaky":false,"newFailed":false,"newPassed":false,"newBroken":false,"retriesCount":0,"retriesStatusChange":false,"parameters":[],"tags":[]}],"uid":"f0f6337fdaf36066e84f9479b4960899"},{"name":"21048-MainThread","children":[{"name":"测试 1 + 1","uid":"94c77677e2d3a6","parentUid":"7bbff2bc6bb03d84e2cc40013343216c","status":"passed","time":{"start":1745316668367,"stop":1745316668367,"duration":0},"flaky":false,"newFailed":false,"newPassed":false,"newBroken":false,"retriesCount":0,"retriesStatusChange":false,"parameters":[],"tags":[]},{"name":"test_drp_order_flow","uid":"62dfe3f0a31f79ee","parentUid":"7bbff2bc6bb03d84e2cc40013343216c","status":"passed","time":{"start":1745316673455,"stop":1745316674953,"duration":1498},"flaky":false,"newFailed":false,"newPassed":false,"newBroken":false,"retriesCount":0,"retriesStatusChange":false,"parameters":[],"tags":[]},{"name":"test_get_sum_brand_stock","uid":"a09c0310e8ca850c","parentUid":"7bbff2bc6bb03d84e2cc40013343216c","status":"passed","time":{"start":1745316674956,"stop":1745316676080,"duration":1124},"flaky":false,"newFailed":false,"newPassed":false,"newBroken":false,"retriesCount":0,"retriesStatusChange":false,"parameters":[],"tags":[]},{"name":"test_drp_order_flow","uid":"8bd29cb000595429","parentUid":"7bbff2bc6bb03d84e2cc40013343216c","status":"passed","time":{"start":1745316670204,"stop":1745316672218,"duration":2014},"flaky":false,"newFailed":false,"newPassed":false,"newBroken":false,"retriesCount":0,"retriesStatusChange":false,"parameters":[],"tags":[]}],"uid":"7bbff2bc6bb03d84e2cc40013343216c"},{"name":"4328-MainThread","children":[{"name":"test_drp_order_flow","uid":"d761570b42cfd563","parentUid":"934f69b646cd78e661905e7f6b4d8597","status":"passed","time":{"start":1745315214227,"stop":1745315215953,"duration":1726},"flaky":false,"newFailed":false,"newPassed":false,"newBroken":false,"retriesCount":0,"retriesStatusChange":false,"parameters":[],"tags":[]},{"name":"test_get_sum_brand_stock","uid":"da05d99ac7fb5778","parentUid":"934f69b646cd78e661905e7f6b4d8597","status":"passed","time":{"start":1745315215957,"stop":1745315217193,"duration":1236},"flaky":false,"newFailed":false,"newPassed":false,"newBroken":false,"retriesCount":0,"retriesStatusChange":false,"parameters":[],"tags":[]},{"name":"test_drp_order_flow","uid":"cbbec8a07f7d0860","parentUid":"934f69b646cd78e661905e7f6b4d8597","status":"passed","time":{"start":1745315210237,"stop":1745315213413,"duration":3176},"flaky":false,"newFailed":false,"newPassed":false,"newBroken":false,"retriesCount":0,"retriesStatusChange":false,"parameters":[],"tags":[]},{"name":"测试 1 + 1","uid":"f99594b93f59f32f","parentUid":"934f69b646cd78e661905e7f6b4d8597","status":"passed","time":{"start":1745315208831,"stop":1745315208832,"duration":1},"flaky":false,"newFailed":false,"newPassed":false,"newBroken":false,"retriesCount":0,"retriesStatusChange":false,"parameters":[],"tags":[]}],"uid":"934f69b646cd78e661905e7f6b4d8597"},{"name":"27336-MainThread","children":[{"name":"测试 1 + 1","uid":"91baebd1b33e75d0","parentUid":"3879704e054d6d1ed68313e9f8a36d0a","status":"passed","time":{"start":1745317328132,"stop":1745317328132,"duration":0},"flaky":false,"newFailed":false,"newPassed":false,"newBroken":false,"retriesCount":0,"retriesStatusChange":false,"parameters":[],"tags":[]},{"name":"test_drp_order_flow","uid":"ffb5396b3d518b18","parentUid":"3879704e054d6d1ed68313e9f8a36d0a","status":"passed","time":{"start":1745317333601,"stop":1745317335445,"duration":1844},"flaky":false,"newFailed":false,"newPassed":false,"newBroken":false,"retriesCount":0,"retriesStatusChange":false,"parameters":[],"tags":[]},{"name":"test_drp_order_flow","uid":"caa2a5e21b5761df","parentUid":"3879704e054d6d1ed68313e9f8a36d0a","status":"passed","time":{"start":1745317329783,"stop":1745317332739,"duration":2956},"flaky":false,"newFailed":false,"newPassed":false,"newBroken":false,"retriesCount":0,"retriesStatusChange":false,"parameters":[],"tags":[]},{"name":"test_get_sum_brand_stock","uid":"452db16c14be672d","parentUid":"3879704e054d6d1ed68313e9f8a36d0a","status":"passed","time":{"start":1745317335449,"stop":1745317336554,"duration":1105},"flaky":false,"newFailed":false,"newPassed":false,"newBroken":false,"retriesCount":0,"retriesStatusChange":false,"parameters":[],"tags":[]}],"uid":"3879704e054d6d1ed68313e9f8a36d0a"},{"name":"29520-MainThread","children":[{"name":"test_get_sum_brand_stock","uid":"8b95d98567c965c7","parentUid":"5ce81069a029370eaf27f02c783f6902","status":"passed","time":{"start":1745482325795,"stop":1745482326857,"duration":1062},"flaky":false,"newFailed":false,"newPassed":false,"newBroken":false,"retriesCount":0,"retriesStatusChange":false,"parameters":[],"tags":[]},{"name":"test_drp_order_flow","uid":"338146f0abd97b84","parentUid":"5ce81069a029370eaf27f02c783f6902","status":"passed","time":{"start":1745482323930,"stop":1745482325792,"duration":1862},"flaky":false,"newFailed":false,"newPassed":false,"newBroken":false,"retriesCount":0,"retriesStatusChange":false,"parameters":[],"tags":[]},{"name":"test_drp_order_flow","uid":"879e5e20066c550f","parentUid":"5ce81069a029370eaf27f02c783f6902","status":"passed","time":{"start":1745482321727,"stop":1745482323176,"duration":1449},"flaky":false,"newFailed":false,"newPassed":false,"newBroken":false,"retriesCount":0,"retriesStatusChange":false,"parameters":[],"tags":[]},{"name":"测试 1 + 1","uid":"fd75902c89be2704","parentUid":"5ce81069a029370eaf27f02c783f6902","status":"passed","time":{"start":1745482320008,"stop":1745482320008,"duration":0},"flaky":false,"newFailed":false,"newPassed":false,"newBroken":false,"retriesCount":0,"retriesStatusChange":false,"parameters":[],"tags":[]}],"uid":"5ce81069a029370eaf27f02c783f6902"},{"name":"18908-MainThread","children":[{"name":"test_drp_order_flow","uid":"9977c24c05cbafc8","parentUid":"feea3f92b8dd6a6d339f843ebf857cc2","status":"passed","time":{"start":1745484951878,"stop":1745484953014,"duration":1136},"flaky":false,"newFailed":false,"newPassed":false,"newBroken":false,"retriesCount":19,"retriesStatusChange":false,"parameters":[],"tags":[]},{"name":"test_get_sum_brand_stock","uid":"15509fd289381e2b","parentUid":"feea3f92b8dd6a6d339f843ebf857cc2","status":"passed","time":{"start":1745484953016,"stop":1745484954054,"duration":1038},"flaky":false,"newFailed":false,"newPassed":false,"newBroken":false,"retriesCount":19,"retriesStatusChange":false,"parameters":[],"tags":[]},{"name":"test_drp_order_flow","uid":"a7c66fab77b57509","parentUid":"feea3f92b8dd6a6d339f843ebf857cc2","status":"passed","time":{"start":1745484949569,"stop":1745484951091,"duration":1522},"flaky":false,"newFailed":false,"newPassed":false,"newBroken":false,"retriesCount":19,"retriesStatusChange":false,"parameters":[],"tags":[]},{"name":"测试 1 + 1","uid":"5b096053975e1640","parentUid":"feea3f92b8dd6a6d339f843ebf857cc2","status":"passed","time":{"start":1745484948076,"stop":1745484948077,"duration":1},"flaky":false,"newFailed":false,"newPassed":false,"newBroken":false,"retriesCount":17,"retriesStatusChange":false,"parameters":[],"tags":[]}],"uid":"feea3f92b8dd6a6d339f843ebf857cc2"},{"name":"25936-MainThread","children":[{"name":"test_get_sum_brand_stock","uid":"a32b711d91705302","parentUid":"d2b612485b0603494485b327085afcfa","status":"passed","time":{"start":1745482149273,"stop":1745482150160,"duration":887},"flaky":false,"newFailed":false,"newPassed":false,"newBroken":false,"retriesCount":0,"retriesStatusChange":false,"parameters":[],"tags":[]},{"name":"测试 1 + 1","uid":"8e67919d444d3c1e","parentUid":"d2b612485b0603494485b327085afcfa","status":"passed","time":{"start":1745482143810,"stop":1745482143811,"duration":1},"flaky":false,"newFailed":false,"newPassed":false,"newBroken":false,"retriesCount":0,"retriesStatusChange":false,"parameters":[],"tags":[]},{"name":"test_drp_order_flow","uid":"3d492ccb65911351","parentUid":"d2b612485b0603494485b327085afcfa","status":"passed","time":{"start":1745482148073,"stop":1745482149271,"duration":1198},"flaky":false,"newFailed":false,"newPassed":false,"newBroken":false,"retriesCount":0,"retriesStatusChange":false,"parameters":[],"tags":[]},{"name":"test_drp_order_flow","uid":"1ed9c671273e55d8","parentUid":"d2b612485b0603494485b327085afcfa","status":"passed","time":{"start":1745482145281,"stop":1745482147126,"duration":1845},"flaky":false,"newFailed":false,"newPassed":false,"newBroken":false,"retriesCount":0,"retriesStatusChange":false,"parameters":[],"tags":[]}],"uid":"d2b612485b0603494485b327085afcfa"},{"name":"24268-MainThread","children":[{"name":"test_get_sum_brand_stock","uid":"64558d14fb1e2143","parentUid":"38041bbc2edb062dfb4e12c21c9d7908","status":"passed","time":{"start":1745315657390,"stop":1745315658417,"duration":1027},"flaky":false,"newFailed":false,"newPassed":false,"newBroken":false,"retriesCount":0,"retriesStatusChange":false,"parameters":[],"tags":[]},{"name":"测试 1 + 1","uid":"94bf260cf7b8fabd","parentUid":"38041bbc2edb062dfb4e12c21c9d7908","status":"passed","time":{"start":1745315650702,"stop":1745315650702,"duration":0},"flaky":false,"newFailed":false,"newPassed":false,"newBroken":false,"retriesCount":0,"retriesStatusChange":false,"parameters":[],"tags":[]},{"name":"test_drp_order_flow","uid":"1bc10a8e12e7ec7a","parentUid":"38041bbc2edb062dfb4e12c21c9d7908","status":"passed","time":{"start":1745315655941,"stop":1745315657386,"duration":1445},"flaky":false,"newFailed":false,"newPassed":false,"newBroken":false,"retriesCount":0,"retriesStatusChange":false,"parameters":[],"tags":[]},{"name":"test_drp_order_flow","uid":"ac46db963e6a9028","parentUid":"38041bbc2edb062dfb4e12c21c9d7908","status":"passed","time":{"start":1745315652994,"stop":1745315654884,"duration":1890},"flaky":false,"newFailed":false,"newPassed":false,"newBroken":false,"retriesCount":0,"retriesStatusChange":false,"parameters":[],"tags":[]}],"uid":"38041bbc2edb062dfb4e12c21c9d7908"},{"name":"14060-MainThread","children":[{"name":"测试 1 + 1","uid":"27091aeca5f8043","parentUid":"7b2f3c04d8df5fffa96d3ecc7ae87437","status":"passed","time":{"start":1745481932410,"stop":1745481932410,"duration":0},"flaky":false,"newFailed":false,"newPassed":false,"newBroken":false,"retriesCount":0,"retriesStatusChange":false,"parameters":[],"tags":[]},{"name":"test_get_sum_brand_stock","uid":"511ca649b06432b2","parentUid":"7b2f3c04d8df5fffa96d3ecc7ae87437","status":"passed","time":{"start":1745481938515,"stop":1745481939388,"duration":873},"flaky":false,"newFailed":false,"newPassed":false,"newBroken":false,"retriesCount":0,"retriesStatusChange":false,"parameters":[],"tags":[]},{"name":"test_drp_order_flow","uid":"388e7972637c26f3","parentUid":"7b2f3c04d8df5fffa96d3ecc7ae87437","status":"passed","time":{"start":1745481934259,"stop":1745481936347,"duration":2088},"flaky":false,"newFailed":false,"newPassed":false,"newBroken":false,"retriesCount":0,"retriesStatusChange":false,"parameters":[],"tags":[]},{"name":"test_drp_order_flow","uid":"d58afdd3c0f9e03e","parentUid":"7b2f3c04d8df5fffa96d3ecc7ae87437","status":"passed","time":{"start":1745481937334,"stop":1745481938511,"duration":1177},"flaky":false,"newFailed":false,"newPassed":false,"newBroken":false,"retriesCount":0,"retriesStatusChange":false,"parameters":[],"tags":[]}],"uid":"7b2f3c04d8df5fffa96d3ecc7ae87437"},{"name":"23892-MainThread","children":[{"name":"test_get_sum_brand_stock","uid":"f0e7115e78acf97c","parentUid":"b8febd295fb099b164697fac55b0a53e","status":"passed","time":{"start":1745316898844,"stop":1745316900356,"duration":1512},"flaky":false,"newFailed":false,"newPassed":false,"newBroken":false,"retriesCount":0,"retriesStatusChange":false,"parameters":[],"tags":[]},{"name":"测试 1 + 1","uid":"7771599d0b72db03","parentUid":"b8febd295fb099b164697fac55b0a53e","status":"passed","time":{"start":1745316891461,"stop":1745316891462,"duration":1},"flaky":false,"newFailed":false,"newPassed":false,"newBroken":false,"retriesCount":0,"retriesStatusChange":false,"parameters":[],"tags":[]},{"name":"test_drp_order_flow","uid":"28e2dda1f273dcd2","parentUid":"b8febd295fb099b164697fac55b0a53e","status":"passed","time":{"start":1745316897232,"stop":1745316898841,"duration":1609},"flaky":false,"newFailed":false,"newPassed":false,"newBroken":false,"retriesCount":0,"retriesStatusChange":false,"parameters":[],"tags":[]},{"name":"test_drp_order_flow","uid":"b3ed0e0391024036","parentUid":"b8febd295fb099b164697fac55b0a53e","status":"passed","time":{"start":1745316893926,"stop":1745316895861,"duration":1935},"flaky":false,"newFailed":false,"newPassed":false,"newBroken":false,"retriesCount":0,"retriesStatusChange":false,"parameters":[],"tags":[]}],"uid":"b8febd295fb099b164697fac55b0a53e"},{"name":"20544-MainThread","children":[{"name":"测试 1 + 1","uid":"94241f97d2564263","parentUid":"7d6d9b475635749a6736c963149b30bb","status":"passed","time":{"start":1745482393629,"stop":1745482393629,"duration":0},"flaky":false,"newFailed":false,"newPassed":false,"newBroken":false,"retriesCount":0,"retriesStatusChange":false,"parameters":[],"tags":[]},{"name":"test_drp_order_flow","uid":"e26938deecd7bba1","parentUid":"7d6d9b475635749a6736c963149b30bb","status":"passed","time":{"start":1745482396454,"stop":1745482398101,"duration":1647},"flaky":false,"newFailed":false,"newPassed":false,"newBroken":false,"retriesCount":0,"retriesStatusChange":false,"parameters":[],"tags":[]},{"name":"test_drp_order_flow","uid":"3f5c4f2cb0879cd8","parentUid":"7d6d9b475635749a6736c963149b30bb","status":"passed","time":{"start":1745482398924,"stop":1745482400129,"duration":1205},"flaky":false,"newFailed":false,"newPassed":false,"newBroken":false,"retriesCount":0,"retriesStatusChange":false,"parameters":[],"tags":[]},{"name":"test_get_sum_brand_stock","uid":"893097c90c22c477","parentUid":"7d6d9b475635749a6736c963149b30bb","status":"passed","time":{"start":1745482400131,"stop":1745482401397,"duration":1266},"flaky":false,"newFailed":false,"newPassed":false,"newBroken":false,"retriesCount":0,"retriesStatusChange":false,"parameters":[],"tags":[]}],"uid":"7d6d9b475635749a6736c963149b30bb"},{"name":"22932-MainThread","children":[{"name":"test_drp_order_flow","uid":"9dea46e278b033c6","parentUid":"3ab0e35e710c2f75b20a627d210a379e","status":"passed","time":{"start":1745316623046,"stop":1745316624760,"duration":1714},"flaky":false,"newFailed":false,"newPassed":false,"newBroken":false,"retriesCount":0,"retriesStatusChange":false,"parameters":[],"tags":[]},{"name":"测试 1 + 1","uid":"3a26ca2998204ec4","parentUid":"3ab0e35e710c2f75b20a627d210a379e","status":"passed","time":{"start":1745316617181,"stop":1745316617182,"duration":1},"flaky":false,"newFailed":false,"newPassed":false,"newBroken":false,"retriesCount":0,"retriesStatusChange":false,"parameters":[],"tags":[]},{"name":"test_get_sum_brand_stock","uid":"bbdf8174d3bacc","parentUid":"3ab0e35e710c2f75b20a627d210a379e","status":"passed","time":{"start":1745316624763,"stop":1745316625833,"duration":1070},"flaky":false,"newFailed":false,"newPassed":false,"newBroken":false,"retriesCount":0,"retriesStatusChange":false,"parameters":[],"tags":[]},{"name":"test_drp_order_flow","uid":"3e9a2cfbb2f04d1c","parentUid":"3ab0e35e710c2f75b20a627d210a379e","status":"passed","time":{"start":1745316618883,"stop":1745316620776,"duration":1893},"flaky":false,"newFailed":false,"newPassed":false,"newBroken":false,"retriesCount":0,"retriesStatusChange":false,"parameters":[],"tags":[]}],"uid":"3ab0e35e710c2f75b20a627d210a379e"},{"name":"27392-MainThread","children":[{"name":"test_get_sum_brand_stock","uid":"2add8cf31fc8cd8d","parentUid":"5e744e5892b5f9d8d575957df8b46992","status":"passed","time":{"start":1745315327910,"stop":1745315329063,"duration":1153},"flaky":false,"newFailed":false,"newPassed":false,"newBroken":false,"retriesCount":0,"retriesStatusChange":false,"parameters":[],"tags":[]},{"name":"测试 1 + 1","uid":"b9ebe869b355ad69","parentUid":"5e744e5892b5f9d8d575957df8b46992","status":"passed","time":{"start":1745315321190,"stop":1745315321190,"duration":0},"flaky":false,"newFailed":false,"newPassed":false,"newBroken":false,"retriesCount":0,"retriesStatusChange":false,"parameters":[],"tags":[]},{"name":"test_drp_order_flow","uid":"25922bcd49acbec7","parentUid":"5e744e5892b5f9d8d575957df8b46992","status":"passed","time":{"start":1745315323005,"stop":1745315325231,"duration":2226},"flaky":false,"newFailed":false,"newPassed":false,"newBroken":false,"retriesCount":0,"retriesStatusChange":false,"parameters":[],"tags":[]},{"name":"test_drp_order_flow","uid":"ebc6a1bada40a769","parentUid":"5e744e5892b5f9d8d575957df8b46992","status":"passed","time":{"start":1745315326246,"stop":1745315327906,"duration":1660},"flaky":false,"newFailed":false,"newPassed":false,"newBroken":false,"retriesCount":0,"retriesStatusChange":false,"parameters":[],"tags":[]}],"uid":"5e744e5892b5f9d8d575957df8b46992"},{"name":"25304-MainThread","children":[{"name":"test_drp_order_flow","uid":"2ac3665665374f58","parentUid":"e1b349c744749a50f98e9a869d2e9676","status":"passed","time":{"start":1745316943670,"stop":1745316945798,"duration":2128},"flaky":false,"newFailed":false,"newPassed":false,"newBroken":false,"retriesCount":0,"retriesStatusChange":false,"parameters":[],"tags":[]},{"name":"测试 1 + 1","uid":"de97468d6b76d8d","parentUid":"e1b349c744749a50f98e9a869d2e9676","status":"passed","time":{"start":1745316940508,"stop":1745316940508,"duration":0},"flaky":false,"newFailed":false,"newPassed":false,"newBroken":false,"retriesCount":0,"retriesStatusChange":false,"parameters":[],"tags":[]},{"name":"test_drp_order_flow","uid":"d89af47789ca22f","parentUid":"e1b349c744749a50f98e9a869d2e9676","status":"passed","time":{"start":1745316947436,"stop":1745316949140,"duration":1704},"flaky":false,"newFailed":false,"newPassed":false,"newBroken":false,"retriesCount":0,"retriesStatusChange":false,"parameters":[],"tags":[]},{"name":"test_get_sum_brand_stock","uid":"919e99266efb2cf6","parentUid":"e1b349c744749a50f98e9a869d2e9676","status":"passed","time":{"start":1745316949143,"stop":1745316950981,"duration":1838},"flaky":false,"newFailed":false,"newPassed":false,"newBroken":false,"retriesCount":0,"retriesStatusChange":false,"parameters":[],"tags":[]}],"uid":"e1b349c744749a50f98e9a869d2e9676"},{"name":"25876-MainThread","children":[{"name":"test_drp_order_flow","uid":"5c87c06283c48df1","parentUid":"38188a7a31a7044f8935b6d4b9b6675a","status":"passed","time":{"start":1745462662960,"stop":1745462664179,"duration":1219},"flaky":false,"newFailed":false,"newPassed":false,"newBroken":false,"retriesCount":0,"retriesStatusChange":false,"parameters":[],"tags":[]},{"name":"测试 1 + 1","uid":"b35200f4a69eda7a","parentUid":"38188a7a31a7044f8935b6d4b9b6675a","status":"passed","time":{"start":1745462658033,"stop":1745462658033,"duration":0},"flaky":false,"newFailed":false,"newPassed":false,"newBroken":false,"retriesCount":0,"retriesStatusChange":false,"parameters":[],"tags":[]},{"name":"test_get_sum_brand_stock","uid":"7ca79e95c80a2766","parentUid":"38188a7a31a7044f8935b6d4b9b6675a","status":"passed","time":{"start":1745462664183,"stop":1745462665125,"duration":942},"flaky":false,"newFailed":false,"newPassed":false,"newBroken":false,"retriesCount":0,"retriesStatusChange":false,"parameters":[],"tags":[]},{"name":"test_drp_order_flow","uid":"2b7ce878b26ef5ba","parentUid":"38188a7a31a7044f8935b6d4b9b6675a","status":"passed","time":{"start":1745462660488,"stop":1745462662219,"duration":1731},"flaky":false,"newFailed":false,"newPassed":false,"newBroken":false,"retriesCount":0,"retriesStatusChange":false,"parameters":[],"tags":[]}],"uid":"38188a7a31a7044f8935b6d4b9b6675a"},{"name":"31828-MainThread","children":[{"name":"test_get_sum_brand_stock","uid":"4f00098388407a87","parentUid":"0f80a8f7492ed60cf420c245752850ed","status":"passed","time":{"start":1745482612349,"stop":1745482613234,"duration":885},"flaky":false,"newFailed":false,"newPassed":false,"newBroken":false,"retriesCount":0,"retriesStatusChange":false,"parameters":[],"tags":[]},{"name":"test_drp_order_flow","uid":"3876bd8e104d9a7b","parentUid":"0f80a8f7492ed60cf420c245752850ed","status":"passed","time":{"start":1745482611214,"stop":1745482612346,"duration":1132},"flaky":false,"newFailed":false,"newPassed":false,"newBroken":false,"retriesCount":0,"retriesStatusChange":false,"parameters":[],"tags":[]},{"name":"test_drp_order_flow","uid":"54b975615060caa6","parentUid":"0f80a8f7492ed60cf420c245752850ed","status":"passed","time":{"start":1745482609036,"stop":1745482610495,"duration":1459},"flaky":false,"newFailed":false,"newPassed":false,"newBroken":false,"retriesCount":0,"retriesStatusChange":false,"parameters":[],"tags":[]},{"name":"测试 1 + 1","uid":"1d9fe8680a196915","parentUid":"0f80a8f7492ed60cf420c245752850ed","status":"passed","time":{"start":1745482607547,"stop":1745482607548,"duration":1},"flaky":false,"newFailed":false,"newPassed":false,"newBroken":false,"retriesCount":0,"retriesStatusChange":false,"parameters":[],"tags":[]}],"uid":"0f80a8f7492ed60cf420c245752850ed"},{"name":"19148-MainThread","children":[{"name":"test_drp_order_flow","uid":"eb13e8c2b38995ba","parentUid":"81071d249b139e673813ae2538244d12","status":"passed","time":{"start":1745316525704,"stop":1745316527296,"duration":1592},"flaky":false,"newFailed":false,"newPassed":false,"newBroken":false,"retriesCount":0,"retriesStatusChange":false,"parameters":[],"tags":[]},{"name":"测试 1 + 1","uid":"ec0c1ac3540053fa","parentUid":"81071d249b139e673813ae2538244d12","status":"passed","time":{"start":1745316519877,"stop":1745316519879,"duration":2},"flaky":false,"newFailed":false,"newPassed":false,"newBroken":false,"retriesCount":0,"retriesStatusChange":false,"parameters":[],"tags":[]},{"name":"test_drp_order_flow","uid":"d649098856efa77d","parentUid":"81071d249b139e673813ae2538244d12","status":"passed","time":{"start":1745316522805,"stop":1745316524887,"duration":2082},"flaky":false,"newFailed":false,"newPassed":false,"newBroken":false,"retriesCount":0,"retriesStatusChange":false,"parameters":[],"tags":[]},{"name":"test_get_sum_brand_stock","uid":"81843aba184b602","parentUid":"81071d249b139e673813ae2538244d12","status":"passed","time":{"start":1745316527299,"stop":1745316528523,"duration":1224},"flaky":false,"newFailed":false,"newPassed":false,"newBroken":false,"retriesCount":0,"retriesStatusChange":false,"parameters":[],"tags":[]}],"uid":"81071d249b139e673813ae2538244d12"},{"name":"21524-MainThread","children":[{"name":"test_drp_order_flow","uid":"5a9c1aeb335000f7","parentUid":"05a02104503742a6f662154d4dcf35f2","status":"passed","time":{"start":1745316756236,"stop":1745316758208,"duration":1972},"flaky":false,"newFailed":false,"newPassed":false,"newBroken":false,"retriesCount":0,"retriesStatusChange":false,"parameters":[],"tags":[]},{"name":"test_get_sum_brand_stock","uid":"86146f28ef2dca55","parentUid":"05a02104503742a6f662154d4dcf35f2","status":"passed","time":{"start":1745316760511,"stop":1745316762770,"duration":2259},"flaky":false,"newFailed":false,"newPassed":false,"newBroken":false,"retriesCount":0,"retriesStatusChange":false,"parameters":[],"tags":[]},{"name":"test_drp_order_flow","uid":"e1224466bbd93bd4","parentUid":"05a02104503742a6f662154d4dcf35f2","status":"passed","time":{"start":1745316759014,"stop":1745316760508,"duration":1494},"flaky":false,"newFailed":false,"newPassed":false,"newBroken":false,"retriesCount":0,"retriesStatusChange":false,"parameters":[],"tags":[]},{"name":"测试 1 + 1","uid":"798f4075d37c441c","parentUid":"05a02104503742a6f662154d4dcf35f2","status":"passed","time":{"start":1745316754729,"stop":1745316754731,"duration":2},"flaky":false,"newFailed":false,"newPassed":false,"newBroken":false,"retriesCount":0,"retriesStatusChange":false,"parameters":[],"tags":[]}],"uid":"05a02104503742a6f662154d4dcf35f2"},{"name":"13800-MainThread","children":[{"name":"test_drp_order_flow","uid":"87435df5ae3b5c17","parentUid":"2b73d1c4371fcae7ed28e372b073583b","status":"passed","time":{"start":1745314929035,"stop":1745314931422,"duration":2387},"flaky":false,"newFailed":false,"newPassed":false,"newBroken":false,"retriesCount":0,"retriesStatusChange":false,"parameters":[],"tags":[]},{"name":"test_get_sum_brand_stock","uid":"e48c513a0860b24e","parentUid":"2b73d1c4371fcae7ed28e372b073583b","status":"passed","time":{"start":1745314935194,"stop":1745314936022,"duration":828},"flaky":false,"newFailed":false,"newPassed":false,"newBroken":false,"retriesCount":0,"retriesStatusChange":false,"parameters":[],"tags":[]},{"name":"test_drp_order_flow","uid":"78064ea8ca80a7bf","parentUid":"2b73d1c4371fcae7ed28e372b073583b","status":"passed","time":{"start":1745314932188,"stop":1745314935188,"duration":3000},"flaky":false,"newFailed":false,"newPassed":false,"newBroken":false,"retriesCount":0,"retriesStatusChange":false,"parameters":[],"tags":[]},{"name":"测试 1 + 1","uid":"c513b2275090bb9b","parentUid":"2b73d1c4371fcae7ed28e372b073583b","status":"passed","time":{"start":1745314927284,"stop":1745314927285,"duration":1},"flaky":false,"newFailed":false,"newPassed":false,"newBroken":false,"retriesCount":0,"retriesStatusChange":false,"parameters":[],"tags":[]}],"uid":"2b73d1c4371fcae7ed28e372b073583b"}],"uid":"bc3b839477df156e8ff4014219f6fa1c"}]}