{"uid":"ab17fc5a4eb3bca4b216b548c7f9fcbc","name":"timeline","children":[{"name":"mmmzy","children":[{"name":"24268-MainThread","children":[{"name":"test_drp_order_flow","uid":"45b910125c1f502e","parentUid":"38041bbc2edb062dfb4e12c21c9d7908","status":"passed","time":{"start":1745315652994,"stop":1745315654884,"duration":1890},"flaky":false,"newFailed":false,"newPassed":false,"newBroken":false,"retriesCount":0,"retriesStatusChange":false,"parameters":[],"tags":[]},{"name":"测试 1 + 1","uid":"326c5d3ce0a22f75","parentUid":"38041bbc2edb062dfb4e12c21c9d7908","status":"passed","time":{"start":1745315650702,"stop":1745315650702,"duration":0},"flaky":false,"newFailed":false,"newPassed":false,"newBroken":false,"retriesCount":0,"retriesStatusChange":false,"parameters":[],"tags":[]},{"name":"test_drp_order_flow","uid":"219556175b52d40c","parentUid":"38041bbc2edb062dfb4e12c21c9d7908","status":"passed","time":{"start":1745315655941,"stop":1745315657386,"duration":1445},"flaky":false,"newFailed":false,"newPassed":false,"newBroken":false,"retriesCount":0,"retriesStatusChange":false,"parameters":[],"tags":[]},{"name":"test_get_sum_brand_stock","uid":"ddc9a03a4462f354","parentUid":"38041bbc2edb062dfb4e12c21c9d7908","status":"passed","time":{"start":1745315657390,"stop":1745315658417,"duration":1027},"flaky":false,"newFailed":false,"newPassed":false,"newBroken":false,"retriesCount":0,"retriesStatusChange":false,"parameters":[],"tags":[]}],"uid":"38041bbc2edb062dfb4e12c21c9d7908"},{"name":"13800-MainThread","children":[{"name":"test_drp_order_flow","uid":"1475ce5182de9ed5","parentUid":"2b73d1c4371fcae7ed28e372b073583b","status":"passed","time":{"start":1745314929035,"stop":1745314931422,"duration":2387},"flaky":false,"newFailed":false,"newPassed":false,"newBroken":false,"retriesCount":0,"retriesStatusChange":false,"parameters":[],"tags":[]},{"name":"test_drp_order_flow","uid":"19f1fec004e4d53","parentUid":"2b73d1c4371fcae7ed28e372b073583b","status":"passed","time":{"start":1745314932188,"stop":1745314935188,"duration":3000},"flaky":false,"newFailed":false,"newPassed":false,"newBroken":false,"retriesCount":0,"retriesStatusChange":false,"parameters":[],"tags":[]},{"name":"测试 1 + 1","uid":"76b25ca71f711dc8","parentUid":"2b73d1c4371fcae7ed28e372b073583b","status":"passed","time":{"start":1745314927284,"stop":1745314927285,"duration":1},"flaky":false,"newFailed":false,"newPassed":false,"newBroken":false,"retriesCount":0,"retriesStatusChange":false,"parameters":[],"tags":[]},{"name":"test_get_sum_brand_stock","uid":"502106bbd7f39e71","parentUid":"2b73d1c4371fcae7ed28e372b073583b","status":"passed","time":{"start":1745314935194,"stop":1745314936022,"duration":828},"flaky":false,"newFailed":false,"newPassed":false,"newBroken":false,"retriesCount":0,"retriesStatusChange":false,"parameters":[],"tags":[]}],"uid":"2b73d1c4371fcae7ed28e372b073583b"},{"name":"23892-MainThread","children":[{"name":"test_drp_order_flow","uid":"528006625d431d2b","parentUid":"b8febd295fb099b164697fac55b0a53e","status":"passed","time":{"start":1745316893926,"stop":1745316895861,"duration":1935},"flaky":false,"newFailed":false,"newPassed":false,"newBroken":false,"retriesCount":0,"retriesStatusChange":false,"parameters":[],"tags":[]},{"name":"test_drp_order_flow","uid":"5bd19ba5ebf48dfa","parentUid":"b8febd295fb099b164697fac55b0a53e","status":"passed","time":{"start":1745316897232,"stop":1745316898841,"duration":1609},"flaky":false,"newFailed":false,"newPassed":false,"newBroken":false,"retriesCount":0,"retriesStatusChange":false,"parameters":[],"tags":[]},{"name":"测试 1 + 1","uid":"edb4aa7fc7a2d6e1","parentUid":"b8febd295fb099b164697fac55b0a53e","status":"passed","time":{"start":1745316891461,"stop":1745316891462,"duration":1},"flaky":false,"newFailed":false,"newPassed":false,"newBroken":false,"retriesCount":0,"retriesStatusChange":false,"parameters":[],"tags":[]},{"name":"test_get_sum_brand_stock","uid":"2a31839239408bbd","parentUid":"b8febd295fb099b164697fac55b0a53e","status":"passed","time":{"start":1745316898844,"stop":1745316900356,"duration":1512},"flaky":false,"newFailed":false,"newPassed":false,"newBroken":false,"retriesCount":0,"retriesStatusChange":false,"parameters":[],"tags":[]}],"uid":"b8febd295fb099b164697fac55b0a53e"},{"name":"21048-MainThread","children":[{"name":"测试 1 + 1","uid":"2ecb2f969c4468ff","parentUid":"7bbff2bc6bb03d84e2cc40013343216c","status":"passed","time":{"start":1745316668367,"stop":1745316668367,"duration":0},"flaky":false,"newFailed":false,"newPassed":false,"newBroken":false,"retriesCount":0,"retriesStatusChange":false,"parameters":[],"tags":[]},{"name":"test_get_sum_brand_stock","uid":"38167895b6d709c5","parentUid":"7bbff2bc6bb03d84e2cc40013343216c","status":"passed","time":{"start":1745316674956,"stop":1745316676080,"duration":1124},"flaky":false,"newFailed":false,"newPassed":false,"newBroken":false,"retriesCount":0,"retriesStatusChange":false,"parameters":[],"tags":[]},{"name":"test_drp_order_flow","uid":"6df1caaedfc71c56","parentUid":"7bbff2bc6bb03d84e2cc40013343216c","status":"passed","time":{"start":1745316670204,"stop":1745316672218,"duration":2014},"flaky":false,"newFailed":false,"newPassed":false,"newBroken":false,"retriesCount":0,"retriesStatusChange":false,"parameters":[],"tags":[]},{"name":"test_drp_order_flow","uid":"8e740b184b28af22","parentUid":"7bbff2bc6bb03d84e2cc40013343216c","status":"passed","time":{"start":1745316673455,"stop":1745316674953,"duration":1498},"flaky":false,"newFailed":false,"newPassed":false,"newBroken":false,"retriesCount":0,"retriesStatusChange":false,"parameters":[],"tags":[]}],"uid":"7bbff2bc6bb03d84e2cc40013343216c"},{"name":"25876-MainThread","children":[{"name":"test_drp_order_flow","uid":"c5fd8821268e4cf4","parentUid":"38188a7a31a7044f8935b6d4b9b6675a","status":"passed","time":{"start":1745462662960,"stop":1745462664179,"duration":1219},"flaky":false,"newFailed":false,"newPassed":false,"newBroken":false,"retriesCount":13,"retriesStatusChange":false,"parameters":[],"tags":[]},{"name":"test_get_sum_brand_stock","uid":"8ff9a84a30a939af","parentUid":"38188a7a31a7044f8935b6d4b9b6675a","status":"passed","time":{"start":1745462664183,"stop":1745462665125,"duration":942},"flaky":false,"newFailed":false,"newPassed":false,"newBroken":false,"retriesCount":13,"retriesStatusChange":false,"parameters":[],"tags":[]},{"name":"test_drp_order_flow","uid":"d27ba9ec1e14439f","parentUid":"38188a7a31a7044f8935b6d4b9b6675a","status":"passed","time":{"start":1745462660488,"stop":1745462662219,"duration":1731},"flaky":false,"newFailed":false,"newPassed":false,"newBroken":false,"retriesCount":13,"retriesStatusChange":false,"parameters":[],"tags":[]},{"name":"测试 1 + 1","uid":"6c9971338cf513ac","parentUid":"38188a7a31a7044f8935b6d4b9b6675a","status":"passed","time":{"start":1745462658033,"stop":1745462658033,"duration":0},"flaky":false,"newFailed":false,"newPassed":false,"newBroken":false,"retriesCount":11,"retriesStatusChange":false,"parameters":[],"tags":[]}],"uid":"38188a7a31a7044f8935b6d4b9b6675a"},{"name":"27336-MainThread","children":[{"name":"test_drp_order_flow","uid":"5120437c396ca8f","parentUid":"3879704e054d6d1ed68313e9f8a36d0a","status":"passed","time":{"start":1745317333601,"stop":1745317335445,"duration":1844},"flaky":false,"newFailed":false,"newPassed":false,"newBroken":false,"retriesCount":0,"retriesStatusChange":false,"parameters":[],"tags":[]},{"name":"测试 1 + 1","uid":"9e38bffa03bf5b2c","parentUid":"3879704e054d6d1ed68313e9f8a36d0a","status":"passed","time":{"start":1745317328132,"stop":1745317328132,"duration":0},"flaky":false,"newFailed":false,"newPassed":false,"newBroken":false,"retriesCount":0,"retriesStatusChange":false,"parameters":[],"tags":[]},{"name":"test_drp_order_flow","uid":"d4311346715ab28","parentUid":"3879704e054d6d1ed68313e9f8a36d0a","status":"passed","time":{"start":1745317329783,"stop":1745317332739,"duration":2956},"flaky":false,"newFailed":false,"newPassed":false,"newBroken":false,"retriesCount":0,"retriesStatusChange":false,"parameters":[],"tags":[]},{"name":"test_get_sum_brand_stock","uid":"e0b4f6ff0f750ea4","parentUid":"3879704e054d6d1ed68313e9f8a36d0a","status":"passed","time":{"start":1745317335449,"stop":1745317336554,"duration":1105},"flaky":false,"newFailed":false,"newPassed":false,"newBroken":false,"retriesCount":0,"retriesStatusChange":false,"parameters":[],"tags":[]}],"uid":"3879704e054d6d1ed68313e9f8a36d0a"},{"name":"27392-MainThread","children":[{"name":"test_drp_order_flow","uid":"c607358bd0e619d3","parentUid":"5e744e5892b5f9d8d575957df8b46992","status":"passed","time":{"start":1745315323005,"stop":1745315325231,"duration":2226},"flaky":false,"newFailed":false,"newPassed":false,"newBroken":false,"retriesCount":0,"retriesStatusChange":false,"parameters":[],"tags":[]},{"name":"test_drp_order_flow","uid":"32074e1d16a44f22","parentUid":"5e744e5892b5f9d8d575957df8b46992","status":"passed","time":{"start":1745315326246,"stop":1745315327906,"duration":1660},"flaky":false,"newFailed":false,"newPassed":false,"newBroken":false,"retriesCount":0,"retriesStatusChange":false,"parameters":[],"tags":[]},{"name":"test_get_sum_brand_stock","uid":"4512886b3894fce3","parentUid":"5e744e5892b5f9d8d575957df8b46992","status":"passed","time":{"start":1745315327910,"stop":1745315329063,"duration":1153},"flaky":false,"newFailed":false,"newPassed":false,"newBroken":false,"retriesCount":0,"retriesStatusChange":false,"parameters":[],"tags":[]},{"name":"测试 1 + 1","uid":"f992192ac7180614","parentUid":"5e744e5892b5f9d8d575957df8b46992","status":"passed","time":{"start":1745315321190,"stop":1745315321190,"duration":0},"flaky":false,"newFailed":false,"newPassed":false,"newBroken":false,"retriesCount":0,"retriesStatusChange":false,"parameters":[],"tags":[]}],"uid":"5e744e5892b5f9d8d575957df8b46992"},{"name":"22932-MainThread","children":[{"name":"test_drp_order_flow","uid":"297cc87d1ec31e98","parentUid":"3ab0e35e710c2f75b20a627d210a379e","status":"passed","time":{"start":1745316623046,"stop":1745316624760,"duration":1714},"flaky":false,"newFailed":false,"newPassed":false,"newBroken":false,"retriesCount":0,"retriesStatusChange":false,"parameters":[],"tags":[]},{"name":"test_drp_order_flow","uid":"65f27e86030cec9c","parentUid":"3ab0e35e710c2f75b20a627d210a379e","status":"passed","time":{"start":1745316618883,"stop":1745316620776,"duration":1893},"flaky":false,"newFailed":false,"newPassed":false,"newBroken":false,"retriesCount":0,"retriesStatusChange":false,"parameters":[],"tags":[]},{"name":"测试 1 + 1","uid":"7a92e0203c8b1c9d","parentUid":"3ab0e35e710c2f75b20a627d210a379e","status":"passed","time":{"start":1745316617181,"stop":1745316617182,"duration":1},"flaky":false,"newFailed":false,"newPassed":false,"newBroken":false,"retriesCount":0,"retriesStatusChange":false,"parameters":[],"tags":[]},{"name":"test_get_sum_brand_stock","uid":"52260e9f95ed6c36","parentUid":"3ab0e35e710c2f75b20a627d210a379e","status":"passed","time":{"start":1745316624763,"stop":1745316625833,"duration":1070},"flaky":false,"newFailed":false,"newPassed":false,"newBroken":false,"retriesCount":0,"retriesStatusChange":false,"parameters":[],"tags":[]}],"uid":"3ab0e35e710c2f75b20a627d210a379e"},{"name":"4328-MainThread","children":[{"name":"test_drp_order_flow","uid":"780612186e837c4b","parentUid":"934f69b646cd78e661905e7f6b4d8597","status":"passed","time":{"start":1745315210237,"stop":1745315213413,"duration":3176},"flaky":false,"newFailed":false,"newPassed":false,"newBroken":false,"retriesCount":0,"retriesStatusChange":false,"parameters":[],"tags":[]},{"name":"test_get_sum_brand_stock","uid":"3e775703a8316701","parentUid":"934f69b646cd78e661905e7f6b4d8597","status":"passed","time":{"start":1745315215957,"stop":1745315217193,"duration":1236},"flaky":false,"newFailed":false,"newPassed":false,"newBroken":false,"retriesCount":0,"retriesStatusChange":false,"parameters":[],"tags":[]},{"name":"测试 1 + 1","uid":"cd9f9f8e69f6b2dd","parentUid":"934f69b646cd78e661905e7f6b4d8597","status":"passed","time":{"start":1745315208831,"stop":1745315208832,"duration":1},"flaky":false,"newFailed":false,"newPassed":false,"newBroken":false,"retriesCount":0,"retriesStatusChange":false,"parameters":[],"tags":[]},{"name":"test_drp_order_flow","uid":"f89b0ba9b2d5697a","parentUid":"934f69b646cd78e661905e7f6b4d8597","status":"passed","time":{"start":1745315214227,"stop":1745315215953,"duration":1726},"flaky":false,"newFailed":false,"newPassed":false,"newBroken":false,"retriesCount":0,"retriesStatusChange":false,"parameters":[],"tags":[]}],"uid":"934f69b646cd78e661905e7f6b4d8597"},{"name":"21524-MainThread","children":[{"name":"test_drp_order_flow","uid":"78f0717294ab9a0","parentUid":"05a02104503742a6f662154d4dcf35f2","status":"passed","time":{"start":1745316759014,"stop":1745316760508,"duration":1494},"flaky":false,"newFailed":false,"newPassed":false,"newBroken":false,"retriesCount":0,"retriesStatusChange":false,"parameters":[],"tags":[]},{"name":"test_get_sum_brand_stock","uid":"8a297618661f2c4","parentUid":"05a02104503742a6f662154d4dcf35f2","status":"passed","time":{"start":1745316760511,"stop":1745316762770,"duration":2259},"flaky":false,"newFailed":false,"newPassed":false,"newBroken":false,"retriesCount":0,"retriesStatusChange":false,"parameters":[],"tags":[]},{"name":"test_drp_order_flow","uid":"794e35bdf285db5e","parentUid":"05a02104503742a6f662154d4dcf35f2","status":"passed","time":{"start":1745316756236,"stop":1745316758208,"duration":1972},"flaky":false,"newFailed":false,"newPassed":false,"newBroken":false,"retriesCount":0,"retriesStatusChange":false,"parameters":[],"tags":[]},{"name":"测试 1 + 1","uid":"5cc1caf00025e43e","parentUid":"05a02104503742a6f662154d4dcf35f2","status":"passed","time":{"start":1745316754729,"stop":1745316754731,"duration":2},"flaky":false,"newFailed":false,"newPassed":false,"newBroken":false,"retriesCount":0,"retriesStatusChange":false,"parameters":[],"tags":[]}],"uid":"05a02104503742a6f662154d4dcf35f2"},{"name":"19148-MainThread","children":[{"name":"测试 1 + 1","uid":"6a78f6a69d8635ae","parentUid":"81071d249b139e673813ae2538244d12","status":"passed","time":{"start":1745316519877,"stop":1745316519879,"duration":2},"flaky":false,"newFailed":false,"newPassed":false,"newBroken":false,"retriesCount":0,"retriesStatusChange":false,"parameters":[],"tags":[]},{"name":"test_drp_order_flow","uid":"7d4931f1a0beee06","parentUid":"81071d249b139e673813ae2538244d12","status":"passed","time":{"start":1745316525704,"stop":1745316527296,"duration":1592},"flaky":false,"newFailed":false,"newPassed":false,"newBroken":false,"retriesCount":0,"retriesStatusChange":false,"parameters":[],"tags":[]},{"name":"test_get_sum_brand_stock","uid":"3a94211c5811bab2","parentUid":"81071d249b139e673813ae2538244d12","status":"passed","time":{"start":1745316527299,"stop":1745316528523,"duration":1224},"flaky":false,"newFailed":false,"newPassed":false,"newBroken":false,"retriesCount":0,"retriesStatusChange":false,"parameters":[],"tags":[]},{"name":"test_drp_order_flow","uid":"893c5212469690b8","parentUid":"81071d249b139e673813ae2538244d12","status":"passed","time":{"start":1745316522805,"stop":1745316524887,"duration":2082},"flaky":false,"newFailed":false,"newPassed":false,"newBroken":false,"retriesCount":0,"retriesStatusChange":false,"parameters":[],"tags":[]}],"uid":"81071d249b139e673813ae2538244d12"},{"name":"25304-MainThread","children":[{"name":"test_drp_order_flow","uid":"7fa2da132c136ed5","parentUid":"e1b349c744749a50f98e9a869d2e9676","status":"passed","time":{"start":1745316947436,"stop":1745316949140,"duration":1704},"flaky":false,"newFailed":false,"newPassed":false,"newBroken":false,"retriesCount":0,"retriesStatusChange":false,"parameters":[],"tags":[]},{"name":"test_get_sum_brand_stock","uid":"f9ba09bc63d9551c","parentUid":"e1b349c744749a50f98e9a869d2e9676","status":"passed","time":{"start":1745316949143,"stop":1745316950981,"duration":1838},"flaky":false,"newFailed":false,"newPassed":false,"newBroken":false,"retriesCount":0,"retriesStatusChange":false,"parameters":[],"tags":[]},{"name":"test_drp_order_flow","uid":"84b3fb2d52f0494c","parentUid":"e1b349c744749a50f98e9a869d2e9676","status":"passed","time":{"start":1745316943670,"stop":1745316945798,"duration":2128},"flaky":false,"newFailed":false,"newPassed":false,"newBroken":false,"retriesCount":0,"retriesStatusChange":false,"parameters":[],"tags":[]},{"name":"测试 1 + 1","uid":"5df263cd0cd5200","parentUid":"e1b349c744749a50f98e9a869d2e9676","status":"passed","time":{"start":1745316940508,"stop":1745316940508,"duration":0},"flaky":false,"newFailed":false,"newPassed":false,"newBroken":false,"retriesCount":0,"retriesStatusChange":false,"parameters":[],"tags":[]}],"uid":"e1b349c744749a50f98e9a869d2e9676"},{"name":"24456-MainThread","children":[{"name":"test_drp_order_flow","uid":"3e41da7f4a442068","parentUid":"f0f6337fdaf36066e84f9479b4960899","status":"passed","time":{"start":1745314540929,"stop":1745314543740,"duration":2811},"flaky":false,"newFailed":false,"newPassed":false,"newBroken":false,"retriesCount":0,"retriesStatusChange":false,"parameters":[],"tags":[]},{"name":"test_drp_order_flow","uid":"90bfc8fd60336682","parentUid":"f0f6337fdaf36066e84f9479b4960899","status":"passed","time":{"start":1745314537682,"stop":1745314539943,"duration":2261},"flaky":false,"newFailed":false,"newPassed":false,"newBroken":false,"retriesCount":0,"retriesStatusChange":false,"parameters":[],"tags":[]},{"name":"test_get_sum_brand_stock","uid":"77282fbe723d0775","parentUid":"f0f6337fdaf36066e84f9479b4960899","status":"passed","time":{"start":1745314543743,"stop":1745314545060,"duration":1317},"flaky":false,"newFailed":false,"newPassed":false,"newBroken":false,"retriesCount":0,"retriesStatusChange":false,"parameters":[],"tags":[]}],"uid":"f0f6337fdaf36066e84f9479b4960899"},{"name":"25296-MainThread","children":[{"name":"test_get_sum_brand_stock","uid":"3a472c195b348a53","parentUid":"7a4c1e53fbabbd008856d9ba0e2d6a6d","status":"passed","time":{"start":1745314704300,"stop":1745314705515,"duration":1215},"flaky":false,"newFailed":false,"newPassed":false,"newBroken":false,"retriesCount":0,"retriesStatusChange":false,"parameters":[],"tags":[]},{"name":"test_drp_order_flow","uid":"fe57f814a67a4833","parentUid":"7a4c1e53fbabbd008856d9ba0e2d6a6d","status":"passed","time":{"start":1745314698267,"stop":1745314700501,"duration":2234},"flaky":false,"newFailed":false,"newPassed":false,"newBroken":false,"retriesCount":0,"retriesStatusChange":false,"parameters":[],"tags":[]},{"name":"test_drp_order_flow","uid":"5f322d850f43f67c","parentUid":"7a4c1e53fbabbd008856d9ba0e2d6a6d","status":"passed","time":{"start":1745314702716,"stop":1745314704294,"duration":1578},"flaky":false,"newFailed":false,"newPassed":false,"newBroken":false,"retriesCount":0,"retriesStatusChange":false,"parameters":[],"tags":[]}],"uid":"7a4c1e53fbabbd008856d9ba0e2d6a6d"}],"uid":"bc3b839477df156e8ff4014219f6fa1c"}]}