{"8c4b6c4a53ca9ab151f22c44c9b32449":{"statistic":{"failed":0,"broken":0,"skipped":0,"passed":1,"unknown":0,"total":1},"items":[{"uid":"c5fd8821268e4cf4","status":"passed","time":{"start":1745462662960,"stop":1745462664179,"duration":1219}}]},"042390003e6095056e021c873aadf508":{"statistic":{"failed":0,"broken":0,"skipped":0,"passed":1,"unknown":0,"total":1},"items":[{"uid":"d27ba9ec1e14439f","status":"passed","time":{"start":1745462660488,"stop":1745462662219,"duration":1731}}]},"f56e64b2687b83be5c511eaf040cb810":{"statistic":{"failed":0,"broken":0,"skipped":0,"passed":1,"unknown":0,"total":1},"items":[{"uid":"6c9971338cf513ac","status":"passed","time":{"start":1745462658033,"stop":1745462658033,"duration":0}}]},"5005cd3db7adc11efeb306ff0d29da86":{"statistic":{"failed":0,"broken":0,"skipped":0,"passed":1,"unknown":0,"total":1},"items":[{"uid":"8ff9a84a30a939af","status":"passed","time":{"start":1745462664183,"stop":1745462665125,"duration":942}}]}}