{"8c4b6c4a53ca9ab151f22c44c9b32449":{"statistic":{"failed":0,"broken":0,"skipped":0,"passed":1,"unknown":0,"total":1},"items":[{"uid":"76a3caa5006a3473","status":"passed","time":{"start":1745482148073,"stop":1745482149271,"duration":1198}}]},"042390003e6095056e021c873aadf508":{"statistic":{"failed":0,"broken":0,"skipped":0,"passed":1,"unknown":0,"total":1},"items":[{"uid":"ea308fa2aa2f9552","status":"passed","time":{"start":1745482145281,"stop":1745482147126,"duration":1845}}]},"f56e64b2687b83be5c511eaf040cb810":{"statistic":{"failed":0,"broken":0,"skipped":0,"passed":1,"unknown":0,"total":1},"items":[{"uid":"e5113ace4d829ee4","status":"passed","time":{"start":1745482143810,"stop":1745482143811,"duration":1}}]},"5005cd3db7adc11efeb306ff0d29da86":{"statistic":{"failed":0,"broken":0,"skipped":0,"passed":1,"unknown":0,"total":1},"items":[{"uid":"af8ae3e7f365a2ef","status":"passed","time":{"start":1745482149273,"stop":1745482150160,"duration":887}}]}}