{"8c4b6c4a53ca9ab151f22c44c9b32449":{"statistic":{"failed":0,"broken":0,"skipped":0,"passed":1,"unknown":0,"total":1},"items":[{"uid":"9977c24c05cbafc8","status":"passed","time":{"start":1745484951878,"stop":1745484953014,"duration":1136}}]},"042390003e6095056e021c873aadf508":{"statistic":{"failed":0,"broken":0,"skipped":0,"passed":1,"unknown":0,"total":1},"items":[{"uid":"a7c66fab77b57509","status":"passed","time":{"start":1745484949569,"stop":1745484951091,"duration":1522}}]},"f56e64b2687b83be5c511eaf040cb810":{"statistic":{"failed":0,"broken":0,"skipped":0,"passed":1,"unknown":0,"total":1},"items":[{"uid":"5b096053975e1640","status":"passed","time":{"start":1745484948076,"stop":1745484948077,"duration":1}}]},"5005cd3db7adc11efeb306ff0d29da86":{"statistic":{"failed":0,"broken":0,"skipped":0,"passed":1,"unknown":0,"total":1},"items":[{"uid":"15509fd289381e2b","status":"passed","time":{"start":1745484953016,"stop":1745484954054,"duration":1038}}]}}