{"8c4b6c4a53ca9ab151f22c44c9b32449":{"statistic":{"failed":0,"broken":0,"skipped":0,"passed":1,"unknown":0,"total":1},"items":[{"uid":"3b14e13a40690fe3","status":"passed","time":{"start":1745482611214,"stop":1745482612346,"duration":1132}}]},"042390003e6095056e021c873aadf508":{"statistic":{"failed":0,"broken":0,"skipped":0,"passed":1,"unknown":0,"total":1},"items":[{"uid":"f4901b725bfbf2da","status":"passed","time":{"start":1745482609036,"stop":1745482610495,"duration":1459}}]},"f56e64b2687b83be5c511eaf040cb810":{"statistic":{"failed":0,"broken":0,"skipped":0,"passed":1,"unknown":0,"total":1},"items":[{"uid":"90aa9edb1457b90c","status":"passed","time":{"start":1745482607547,"stop":1745482607548,"duration":1}}]},"5005cd3db7adc11efeb306ff0d29da86":{"statistic":{"failed":0,"broken":0,"skipped":0,"passed":1,"unknown":0,"total":1},"items":[{"uid":"f1d5b5db523d3388","status":"passed","time":{"start":1745482612349,"stop":1745482613234,"duration":885}}]}}