{"8c4b6c4a53ca9ab151f22c44c9b32449":{"statistic":{"failed":0,"broken":0,"skipped":0,"passed":1,"unknown":0,"total":1},"items":[{"uid":"75d94588d57223c9","status":"passed","time":{"start":1745317333601,"stop":1745317335445,"duration":1844}}]},"042390003e6095056e021c873aadf508":{"statistic":{"failed":0,"broken":0,"skipped":0,"passed":1,"unknown":0,"total":1},"items":[{"uid":"61ef8c25406d3e","status":"passed","time":{"start":1745317329783,"stop":1745317332739,"duration":2956}}]},"f56e64b2687b83be5c511eaf040cb810":{"statistic":{"failed":0,"broken":0,"skipped":0,"passed":1,"unknown":0,"total":1},"items":[{"uid":"91970368f6e49fa","status":"passed","time":{"start":1745317328132,"stop":1745317328132,"duration":0}}]},"5005cd3db7adc11efeb306ff0d29da86":{"statistic":{"failed":0,"broken":0,"skipped":0,"passed":1,"unknown":0,"total":1},"items":[{"uid":"96dd849a6426fccc","status":"passed","time":{"start":1745317335449,"stop":1745317336554,"duration":1105}}]}}