[{"uid":"91970368f6e49fa","name":"测试 1 + 1","time":{"start":1745317328132,"stop":1745317328132,"duration":0},"status":"passed","severity":"normal"},{"uid":"75d94588d57223c9","name":"test_drp_order_flow","time":{"start":1745317333601,"stop":1745317335445,"duration":1844},"status":"passed","severity":"normal"},{"uid":"61ef8c25406d3e","name":"test_drp_order_flow","time":{"start":1745317329783,"stop":1745317332739,"duration":2956},"status":"passed","severity":"normal"},{"uid":"96dd849a6426fccc","name":"test_get_sum_brand_stock","time":{"start":1745317335449,"stop":1745317336554,"duration":1105},"status":"passed","severity":"normal"}]