[{"uid":"15509fd289381e2b","name":"test_get_sum_brand_stock","time":{"start":1745484953016,"stop":1745484954054,"duration":1038},"status":"passed","severity":"normal"},{"uid":"9977c24c05cbafc8","name":"test_drp_order_flow","time":{"start":1745484951878,"stop":1745484953014,"duration":1136},"status":"passed","severity":"normal"},{"uid":"a7c66fab77b57509","name":"test_drp_order_flow","time":{"start":1745484949569,"stop":1745484951091,"duration":1522},"status":"passed","severity":"normal"},{"uid":"5b096053975e1640","name":"测试 1 + 1","time":{"start":1745484948076,"stop":1745484948077,"duration":1},"status":"passed","severity":"normal"}]