[{"uid":"f1d5b5db523d3388","name":"test_get_sum_brand_stock","time":{"start":1745482612349,"stop":1745482613234,"duration":885},"status":"passed","severity":"normal"},{"uid":"3b14e13a40690fe3","name":"test_drp_order_flow","time":{"start":1745482611214,"stop":1745482612346,"duration":1132},"status":"passed","severity":"normal"},{"uid":"90aa9edb1457b90c","name":"测试 1 + 1","time":{"start":1745482607547,"stop":1745482607548,"duration":1},"status":"passed","severity":"normal"},{"uid":"f4901b725bfbf2da","name":"test_drp_order_flow","time":{"start":1745482609036,"stop":1745482610495,"duration":1459},"status":"passed","severity":"normal"}]