[{"uid":"d27ba9ec1e14439f","name":"test_drp_order_flow","time":{"start":1745462660488,"stop":1745462662219,"duration":1731},"status":"passed","severity":"normal"},{"uid":"8ff9a84a30a939af","name":"test_get_sum_brand_stock","time":{"start":1745462664183,"stop":1745462665125,"duration":942},"status":"passed","severity":"normal"},{"uid":"6c9971338cf513ac","name":"测试 1 + 1","time":{"start":1745462658033,"stop":1745462658033,"duration":0},"status":"passed","severity":"normal"},{"uid":"c5fd8821268e4cf4","name":"test_drp_order_flow","time":{"start":1745462662960,"stop":1745462664179,"duration":1219},"status":"passed","severity":"normal"}]