[{"uid":"ea308fa2aa2f9552","name":"test_drp_order_flow","time":{"start":1745482145281,"stop":1745482147126,"duration":1845},"status":"passed","severity":"normal"},{"uid":"af8ae3e7f365a2ef","name":"test_get_sum_brand_stock","time":{"start":1745482149273,"stop":1745482150160,"duration":887},"status":"passed","severity":"normal"},{"uid":"e5113ace4d829ee4","name":"测试 1 + 1","time":{"start":1745482143810,"stop":1745482143811,"duration":1},"status":"passed","severity":"normal"},{"uid":"76a3caa5006a3473","name":"test_drp_order_flow","time":{"start":1745482148073,"stop":1745482149271,"duration":1198},"status":"passed","severity":"normal"}]